file,line,type,commit,author,date,time,timezone,datetime,depth,length
style.css,1,css,e1320429,Kevin Souder,2025-01-08,18:34:07,-08:00,2025-01-08T18:34:07-08:00,0,5
style.css,2,css,e1320429,Kevin Souder,2025-01-08,18:34:07,-08:00,2025-01-08T18:34:07-08:00,0,44
style.css,3,css,e1320429,Kevin Souder,2025-01-08,18:34:07,-08:00,2025-01-08T18:34:07-08:00,0,43
style.css,4,css,e1320429,Kevin Souder,2025-01-08,18:34:07,-08:00,2025-01-08T18:34:07-08:00,0,1
style.css,5,css,e1320429,Kevin Souder,2025-01-08,18:34:07,-08:00,2025-01-08T18:34:07-08:00,0,24
style.css,6,css,da1ef17a,Kevin Souder,2025-01-14,16:18:00,-08:00,2025-01-14T16:18:00-08:00,0,15
style.css,7,css,da1ef17a,Kevin Souder,2025-01-14,16:18:00,-08:00,2025-01-14T16:18:00-08:00,0,20
style.css,8,css,da1ef17a,Kevin Souder,2025-01-14,16:18:00,-08:00,2025-01-14T16:18:00-08:00,0,0
style.css,9,css,da1ef17a,Kevin Souder,2025-01-14,16:18:00,-08:00,2025-01-14T16:18:00-08:00,0,19
style.css,10,css,da1ef17a,Kevin Souder,2025-01-14,16:18:00,-08:00,2025-01-14T16:18:00-08:00,0,12
style.css,11,css,22cb5162,Kevin Souder,2025-01-14,19:47:38,-08:00,2025-01-14T19:47:38-08:00,0,34
style.css,12,css,22cb5162,Kevin Souder,2025-01-14,19:47:38,-08:00,2025-01-14T19:47:38-08:00,0,0
style.css,13,css,da1ef17a,Kevin Souder,2025-01-14,16:18:00,-08:00,2025-01-14T16:18:00-08:00,0,0
style.css,14,css,7e2eb090,Kevin Souder,2025-01-15,15:56:34,-08:00,2025-01-15T15:56:34-08:00,0,6
style.css,15,css,387975f7,Kevin Souder,2025-01-22,17:42:11,-08:00,2025-01-22T17:42:11-08:00,0,32
style.css,16,css,70ed2a67,Kevin Souder,2025-01-22,17:07:45,-08:00,2025-01-22T17:07:45-08:00,0,24
style.css,17,css,70ed2a67,Kevin Souder,2025-01-22,17:07:45,-08:00,2025-01-22T17:07:45-08:00,0,0
style.css,18,css,7e2eb090,Kevin Souder,2025-01-15,15:56:34,-08:00,2025-01-15T15:56:34-08:00,0,0
style.css,19,css,ba9a8a9b,Kevin Souder,2025-01-14,16:43:52,-08:00,2025-01-14T16:43:52-08:00,0,0
style.css,20,css,08c21658,Kevin Souder,2025-01-15,12:51:11,-08:00,2025-01-15T12:51:11-08:00,0,18
style.css,21,css,7e2eb090,Kevin Souder,2025-01-15,15:56:34,-08:00,2025-01-15T15:56:34-08:00,0,35
style.css,22,css,ba9a8a9b,Kevin Souder,2025-01-14,16:43:52,-08:00,2025-01-14T16:43:52-08:00,0,13
style.css,23,css,3c0c024c,Kevin Souder,2025-01-14,19:36:01,-08:00,2025-01-14T19:36:01-08:00,0,18
style.css,24,css,1e7bfc19,Kevin Souder,2025-01-14,16:58:26,-08:00,2025-01-14T16:58:26-08:00,0,24
style.css,25,css,1e7bfc19,Kevin Souder,2025-01-14,16:58:26,-08:00,2025-01-14T16:58:26-08:00,0,26
style.css,26,css,387975f7,Kevin Souder,2025-01-22,17:42:11,-08:00,2025-01-22T17:42:11-08:00,0,40
style.css,27,css,387975f7,Kevin Souder,2025-01-22,17:42:11,-08:00,2025-01-22T17:42:11-08:00,0,40
style.css,28,css,ba9a8a9b,Kevin Souder,2025-01-14,16:43:52,-08:00,2025-01-14T16:43:52-08:00,0,0
style.css,29,css,ba9a8a9b,Kevin Souder,2025-01-14,16:43:52,-08:00,2025-01-14T16:43:52-08:00,0,0
style.css,30,css,7e2eb090,Kevin Souder,2025-01-15,15:56:34,-08:00,2025-01-15T15:56:34-08:00,0,63
style.css,31,css,22cb5162,Kevin Souder,2025-01-14,19:47:38,-08:00,2025-01-14T19:47:38-08:00,0,44
style.css,32,css,22cb5162,Kevin Souder,2025-01-14,19:47:38,-08:00,2025-01-14T19:47:38-08:00,0,21
style.css,33,css,22cb5162,Kevin Souder,2025-01-14,19:47:38,-08:00,2025-01-14T19:47:38-08:00,0,0
style.css,34,css,22cb5162,Kevin Souder,2025-01-14,19:47:38,-08:00,2025-01-14T19:47:38-08:00,0,0
style.css,35,css,7e2eb090,Kevin Souder,2025-01-15,15:56:34,-08:00,2025-01-15T15:56:34-08:00,0,29
style.css,36,css,ba9a8a9b,Kevin Souder,2025-01-14,16:43:52,-08:00,2025-01-14T16:43:52-08:00,0,13
style.css,37,css,1e7bfc19,Kevin Souder,2025-01-14,16:58:26,-08:00,2025-01-14T16:58:26-08:00,0,21
style.css,38,css,1e7bfc19,Kevin Souder,2025-01-14,16:58:26,-08:00,2025-01-14T16:58:26-08:00,0,7
style.css,39,css,1e7bfc19,Kevin Souder,2025-01-14,16:58:26,-08:00,2025-01-14T16:58:26-08:00,0,14
style.css,40,css,1e7bfc19,Kevin Souder,2025-01-14,16:58:26,-08:00,2025-01-14T16:58:26-08:00,0,14
style.css,41,css,3c0c024c,Kevin Souder,2025-01-14,19:36:01,-08:00,2025-01-14T19:36:01-08:00,0,23
style.css,42,css,3c0c024c,Kevin Souder,2025-01-14,19:36:01,-08:00,2025-01-14T19:36:01-08:00,0,0
style.css,43,css,3c0c024c,Kevin Souder,2025-01-14,19:36:01,-08:00,2025-01-14T19:36:01-08:00,0,0
style.css,44,css,7e2eb090,Kevin Souder,2025-01-15,15:56:34,-08:00,2025-01-15T15:56:34-08:00,0,12
style.css,45,css,22cb5162,Kevin Souder,2025-01-14,19:47:38,-08:00,2025-01-14T19:47:38-08:00,0,74
style.css,46,css,22cb5162,Kevin Souder,2025-01-14,19:47:38,-08:00,2025-01-14T19:47:38-08:00,0,56
style.css,47,css,387975f7,Kevin Souder,2025-01-22,17:42:11,-08:00,2025-01-22T17:42:11-08:00,0,70
style.css,48,css,2bca2a9d,Kevin Souder,2025-01-14,20:09:22,-08:00,2025-01-14T20:09:22-08:00,0,0
style.css,49,css,2bca2a9d,Kevin Souder,2025-01-14,20:09:22,-08:00,2025-01-14T20:09:22-08:00,0,0
style.css,50,css,08c21658,Kevin Souder,2025-01-15,12:51:11,-08:00,2025-01-15T12:51:11-08:00,0,29
style.css,51,css,5b011a93,Kevin Souder,2025-01-14,21:24:32,-08:00,2025-01-14T21:24:32-08:00,0,5
style.css,52,css,08c21658,Kevin Souder,2025-01-15,12:51:11,-08:00,2025-01-15T12:51:11-08:00,0,13
style.css,53,css,5b011a93,Kevin Souder,2025-01-14,21:24:32,-08:00,2025-01-14T21:24:32-08:00,0,13
style.css,54,css,0083fb6b,Kevin Souder,2025-01-14,23:19:57,-08:00,2025-01-14T23:19:57-08:00,0,31
style.css,55,css,0083fb6b,Kevin Souder,2025-01-14,23:19:57,-08:00,2025-01-14T23:19:57-08:00,0,8
style.css,56,css,05b8e93a,Kevin Souder,2025-01-17,15:07:49,-08:00,2025-01-17T15:07:49-08:00,0,5
style.css,57,css,05b8e93a,Kevin Souder,2025-01-17,15:07:49,-08:00,2025-01-17T15:07:49-08:00,0,11
style.css,58,css,05b8e93a,Kevin Souder,2025-01-17,15:07:49,-08:00,2025-01-17T15:07:49-08:00,0,0
style.css,59,css,5b011a93,Kevin Souder,2025-01-14,21:24:32,-08:00,2025-01-14T21:24:32-08:00,0,0
style.css,60,css,5b011a93,Kevin Souder,2025-01-14,21:24:32,-08:00,2025-01-14T21:24:32-08:00,0,0
style.css,61,css,0083fb6b,Kevin Souder,2025-01-14,23:19:57,-08:00,2025-01-14T23:19:57-08:00,0,6
style.css,62,css,0083fb6b,Kevin Souder,2025-01-14,23:19:57,-08:00,2025-01-14T23:19:57-08:00,0,49
style.css,63,css,0083fb6b,Kevin Souder,2025-01-14,23:19:57,-08:00,2025-01-14T23:19:57-08:00,0,93
style.css,64,css,0083fb6b,Kevin Souder,2025-01-14,23:19:57,-08:00,2025-01-14T23:19:57-08:00,0,56
style.css,65,css,0083fb6b,Kevin Souder,2025-01-14,23:19:57,-08:00,2025-01-14T23:19:57-08:00,0,0
style.css,66,css,0083fb6b,Kevin Souder,2025-01-14,23:19:57,-08:00,2025-01-14T23:19:57-08:00,0,0
style.css,67,css,637d6726,Kevin Souder,2025-01-22,18:04:30,-08:00,2025-01-22T18:04:30-08:00,0,24
style.css,68,css,05b8e93a,Kevin Souder,2025-01-17,15:07:49,-08:00,2025-01-17T15:07:49-08:00,0,14
style.css,69,css,05b8e93a,Kevin Souder,2025-01-17,15:07:49,-08:00,2025-01-17T15:07:49-08:00,0,58
style.css,70,css,0083fb6b,Kevin Souder,2025-01-14,23:19:57,-08:00,2025-01-14T23:19:57-08:00,0,0
style.css,71,css,0083fb6b,Kevin Souder,2025-01-14,23:19:57,-08:00,2025-01-14T23:19:57-08:00,0,0
style.css,72,css,637d6726,Kevin Souder,2025-01-22,18:04:30,-08:00,2025-01-22T18:04:30-08:00,0,15
style.css,73,css,0083fb6b,Kevin Souder,2025-01-14,23:19:57,-08:00,2025-01-14T23:19:57-08:00,0,17
style.css,74,css,0083fb6b,Kevin Souder,2025-01-14,23:19:57,-08:00,2025-01-14T23:19:57-08:00,0,12
style.css,75,css,5b011a93,Kevin Souder,2025-01-14,21:24:32,-08:00,2025-01-14T21:24:32-08:00,0,0
style.css,76,css,5b011a93,Kevin Souder,2025-01-14,21:24:32,-08:00,2025-01-14T21:24:32-08:00,0,0
style.css,77,css,08c21658,Kevin Souder,2025-01-15,12:51:11,-08:00,2025-01-15T12:51:11-08:00,0,17
style.css,78,css,aa4fc00a,Kevin Souder,2025-01-15,13:02:31,-08:00,2025-01-15T13:02:31-08:00,0,10
style.css,79,css,aa4fc00a,Kevin Souder,2025-01-15,13:02:31,-08:00,2025-01-15T13:02:31-08:00,0,13
style.css,80,css,aa4fc00a,Kevin Souder,2025-01-15,13:02:31,-08:00,2025-01-15T13:02:31-08:00,0,59
style.css,81,css,aa4fc00a,Kevin Souder,2025-01-15,13:02:31,-08:00,2025-01-15T13:02:31-08:00,0,8
style.css,82,css,aa4fc00a,Kevin Souder,2025-01-15,13:02:31,-08:00,2025-01-15T13:02:31-08:00,0,0
style.css,83,css,22d5afa4,Kevin Souder,2025-01-15,13:35:05,-08:00,2025-01-15T13:35:05-08:00,0,0
style.css,84,css,22d5afa4,Kevin Souder,2025-01-15,13:35:05,-08:00,2025-01-15T13:35:05-08:00,0,18
style.css,85,css,22d5afa4,Kevin Souder,2025-01-15,13:35:05,-08:00,2025-01-15T13:35:05-08:00,0,13
style.css,86,css,22d5afa4,Kevin Souder,2025-01-15,13:35:05,-08:00,2025-01-15T13:35:05-08:00,0,27
style.css,87,css,22d5afa4,Kevin Souder,2025-01-15,13:35:05,-08:00,2025-01-15T13:35:05-08:00,0,16
style.css,88,css,22d5afa4,Kevin Souder,2025-01-15,13:35:05,-08:00,2025-01-15T13:35:05-08:00,0,8
style.css,89,css,22d5afa4,Kevin Souder,2025-01-15,13:35:05,-08:00,2025-01-15T13:35:05-08:00,0,0
style.css,90,css,22d5afa4,Kevin Souder,2025-01-15,13:35:05,-08:00,2025-01-15T13:35:05-08:00,0,0
style.css,91,css,22d5afa4,Kevin Souder,2025-01-15,13:35:05,-08:00,2025-01-15T13:35:05-08:00,0,21
style.css,92,css,22d5afa4,Kevin Souder,2025-01-15,13:35:05,-08:00,2025-01-15T13:35:05-08:00,0,9
style.css,93,css,22d5afa4,Kevin Souder,2025-01-15,13:35:05,-08:00,2025-01-15T13:35:05-08:00,0,42
style.css,94,css,22d5afa4,Kevin Souder,2025-01-15,13:35:05,-08:00,2025-01-15T13:35:05-08:00,0,0
style.css,95,css,22d5afa4,Kevin Souder,2025-01-15,13:35:05,-08:00,2025-01-15T13:35:05-08:00,0,0
style.css,96,css,22d5afa4,Kevin Souder,2025-01-15,13:35:05,-08:00,2025-01-15T13:35:05-08:00,0,22
style.css,97,css,385692a5,Kevin Souder,2025-01-29,18:00:10,-08:00,2025-01-29T18:00:10-08:00,0,11
style.css,98,css,385692a5,Kevin Souder,2025-01-29,18:00:10,-08:00,2025-01-29T18:00:10-08:00,0,38
style.css,99,css,385692a5,Kevin Souder,2025-01-29,18:00:10,-08:00,2025-01-29T18:00:10-08:00,0,15
style.css,100,css,bfc5a72a,Kevin Souder,2025-01-29,17:58:43,-08:00,2025-01-29T17:58:43-08:00,0,0
style.css,101,css,385692a5,Kevin Souder,2025-01-29,18:00:10,-08:00,2025-01-29T18:00:10-08:00,0,0
style.css,102,css,22d5afa4,Kevin Souder,2025-01-15,13:35:05,-08:00,2025-01-15T13:35:05-08:00,0,20
style.css,103,css,22d5afa4,Kevin Souder,2025-01-15,13:35:05,-08:00,2025-01-15T13:35:05-08:00,0,37
style.css,104,css,22d5afa4,Kevin Souder,2025-01-15,13:35:05,-08:00,2025-01-15T13:35:05-08:00,0,54
style.css,105,css,22d5afa4,Kevin Souder,2025-01-15,13:35:05,-08:00,2025-01-15T13:35:05-08:00,0,0
style.css,106,css,8b355ade,Kevin Souder,2025-01-15,14:00:53,-08:00,2025-01-15T14:00:53-08:00,0,0
style.css,107,css,8b355ade,Kevin Souder,2025-01-15,14:00:53,-08:00,2025-01-15T14:00:53-08:00,0,23
style.css,108,css,7e2eb090,Kevin Souder,2025-01-15,15:56:34,-08:00,2025-01-15T15:56:34-08:00,0,23
style.css,109,css,8b355ade,Kevin Souder,2025-01-15,14:00:53,-08:00,2025-01-15T14:00:53-08:00,0,11
style.css,110,css,8b355ade,Kevin Souder,2025-01-15,14:00:53,-08:00,2025-01-15T14:00:53-08:00,0,18
style.css,111,css,8b355ade,Kevin Souder,2025-01-15,14:00:53,-08:00,2025-01-15T14:00:53-08:00,0,3
style.css,112,css,8b355ade,Kevin Souder,2025-01-15,14:00:53,-08:00,2025-01-15T14:00:53-08:00,0,15
style.css,113,css,8b355ade,Kevin Souder,2025-01-15,14:00:53,-08:00,2025-01-15T14:00:53-08:00,0,0
style.css,114,css,8b355ade,Kevin Souder,2025-01-15,14:00:53,-08:00,2025-01-15T14:00:53-08:00,0,3
style.css,115,css,8b355ade,Kevin Souder,2025-01-15,14:00:53,-08:00,2025-01-15T14:00:53-08:00,0,15
style.css,116,css,8b355ade,Kevin Souder,2025-01-15,14:00:53,-08:00,2025-01-15T14:00:53-08:00,0,0
style.css,117,css,8b355ade,Kevin Souder,2025-01-15,14:00:53,-08:00,2025-01-15T14:00:53-08:00,0,3
style.css,118,css,8b355ade,Kevin Souder,2025-01-15,14:00:53,-08:00,2025-01-15T14:00:53-08:00,0,15
style.css,119,css,8b355ade,Kevin Souder,2025-01-15,14:00:53,-08:00,2025-01-15T14:00:53-08:00,0,0
style.css,120,css,8b355ade,Kevin Souder,2025-01-15,14:00:53,-08:00,2025-01-15T14:00:53-08:00,0,3
style.css,121,css,8b355ade,Kevin Souder,2025-01-15,14:00:53,-08:00,2025-01-15T14:00:53-08:00,0,15
style.css,122,css,8b355ade,Kevin Souder,2025-01-15,14:00:53,-08:00,2025-01-15T14:00:53-08:00,0,0
style.css,123,css,8b355ade,Kevin Souder,2025-01-15,14:00:53,-08:00,2025-01-15T14:00:53-08:00,0,3
style.css,124,css,8b355ade,Kevin Souder,2025-01-15,14:00:53,-08:00,2025-01-15T14:00:53-08:00,0,15
style.css,125,css,8b355ade,Kevin Souder,2025-01-15,14:00:53,-08:00,2025-01-15T14:00:53-08:00,0,0
style.css,126,css,8b355ade,Kevin Souder,2025-01-15,14:00:53,-08:00,2025-01-15T14:00:53-08:00,0,3
style.css,127,css,8b355ade,Kevin Souder,2025-01-15,14:00:53,-08:00,2025-01-15T14:00:53-08:00,0,15
style.css,128,css,8b355ade,Kevin Souder,2025-01-15,14:00:53,-08:00,2025-01-15T14:00:53-08:00,0,0
style.css,129,css,8b355ade,Kevin Souder,2025-01-15,14:00:53,-08:00,2025-01-15T14:00:53-08:00,0,0
style.css,130,css,7e2eb090,Kevin Souder,2025-01-15,15:56:34,-08:00,2025-01-15T15:56:34-08:00,0,0
style.css,131,css,7e2eb090,Kevin Souder,2025-01-15,15:56:34,-08:00,2025-01-15T15:56:34-08:00,0,15
style.css,132,css,7e2eb090,Kevin Souder,2025-01-15,15:56:34,-08:00,2025-01-15T15:56:34-08:00,0,11
style.css,133,css,7e2eb090,Kevin Souder,2025-01-15,15:56:34,-08:00,2025-01-15T15:56:34-08:00,0,13
style.css,134,css,7e2eb090,Kevin Souder,2025-01-15,15:56:34,-08:00,2025-01-15T15:56:34-08:00,0,0
style.css,135,css,7e2eb090,Kevin Souder,2025-01-15,15:56:34,-08:00,2025-01-15T15:56:34-08:00,0,3
style.css,136,css,7e2eb090,Kevin Souder,2025-01-15,15:56:34,-08:00,2025-01-15T15:56:34-08:00,0,20
style.css,137,css,7e2eb090,Kevin Souder,2025-01-15,15:56:34,-08:00,2025-01-15T15:56:34-08:00,0,0
style.css,138,css,7e2eb090,Kevin Souder,2025-01-15,15:56:34,-08:00,2025-01-15T15:56:34-08:00,0,3
style.css,139,css,7e2eb090,Kevin Souder,2025-01-15,15:56:34,-08:00,2025-01-15T15:56:34-08:00,0,13
style.css,140,css,7e2eb090,Kevin Souder,2025-01-15,15:56:34,-08:00,2025-01-15T15:56:34-08:00,0,31
style.css,141,css,7e2eb090,Kevin Souder,2025-01-15,15:56:34,-08:00,2025-01-15T15:56:34-08:00,0,19
style.css,142,css,7e2eb090,Kevin Souder,2025-01-15,15:56:34,-08:00,2025-01-15T15:56:34-08:00,0,17
style.css,143,css,7e2eb090,Kevin Souder,2025-01-15,15:56:34,-08:00,2025-01-15T15:56:34-08:00,0,20
style.css,144,css,7e2eb090,Kevin Souder,2025-01-15,15:56:34,-08:00,2025-01-15T15:56:34-08:00,0,8
style.css,145,css,7e2eb090,Kevin Souder,2025-01-15,15:56:34,-08:00,2025-01-15T15:56:34-08:00,0,0
style.css,146,css,7e2eb090,Kevin Souder,2025-01-15,15:56:34,-08:00,2025-01-15T15:56:34-08:00,0,11
style.css,147,css,7e2eb090,Kevin Souder,2025-01-15,15:56:34,-08:00,2025-01-15T15:56:34-08:00,0,17
style.css,148,css,7e2eb090,Kevin Souder,2025-01-15,15:56:34,-08:00,2025-01-15T15:56:34-08:00,0,18
style.css,149,css,7e2eb090,Kevin Souder,2025-01-15,15:56:34,-08:00,2025-01-15T15:56:34-08:00,0,19
style.css,150,css,7e2eb090,Kevin Souder,2025-01-15,15:56:34,-08:00,2025-01-15T15:56:34-08:00,0,0
style.css,151,css,7e2eb090,Kevin Souder,2025-01-15,15:56:34,-08:00,2025-01-15T15:56:34-08:00,0,8
style.css,152,css,7e2eb090,Kevin Souder,2025-01-15,15:56:34,-08:00,2025-01-15T15:56:34-08:00,0,18
style.css,153,css,7e2eb090,Kevin Souder,2025-01-15,15:56:34,-08:00,2025-01-15T15:56:34-08:00,0,13
style.css,154,css,7e2eb090,Kevin Souder,2025-01-15,15:56:34,-08:00,2025-01-15T15:56:34-08:00,0,0
style.css,155,css,7e2eb090,Kevin Souder,2025-01-15,15:56:34,-08:00,2025-01-15T15:56:34-08:00,0,0
style.css,156,css,7e2eb090,Kevin Souder,2025-01-15,15:56:34,-08:00,2025-01-15T15:56:34-08:00,0,0
style.css,157,css,7e2eb090,Kevin Souder,2025-01-15,15:56:34,-08:00,2025-01-15T15:56:34-08:00,0,11
style.css,158,css,7e2eb090,Kevin Souder,2025-01-15,15:56:34,-08:00,2025-01-15T15:56:34-08:00,0,5
style.css,159,css,7e2eb090,Kevin Souder,2025-01-15,15:56:34,-08:00,2025-01-15T15:56:34-08:00,0,18
style.css,160,css,7e2eb090,Kevin Souder,2025-01-15,15:56:34,-08:00,2025-01-15T15:56:34-08:00,0,0
style.css,161,css,7e2eb090,Kevin Souder,2025-01-15,15:56:34,-08:00,2025-01-15T15:56:34-08:00,0,0
style.css,162,css,7e2eb090,Kevin Souder,2025-01-15,15:56:34,-08:00,2025-01-15T15:56:34-08:00,0,0
style.css,163,css,7e2eb090,Kevin Souder,2025-01-15,15:56:34,-08:00,2025-01-15T15:56:34-08:00,0,16
style.css,164,css,7e2eb090,Kevin Souder,2025-01-15,15:56:34,-08:00,2025-01-15T15:56:34-08:00,0,13
style.css,165,css,7e2eb090,Kevin Souder,2025-01-15,15:56:34,-08:00,2025-01-15T15:56:34-08:00,0,2
style.css,166,css,7e2eb090,Kevin Souder,2025-01-15,15:56:34,-08:00,2025-01-15T15:56:34-08:00,0,20
style.css,167,css,7e2eb090,Kevin Souder,2025-01-15,15:56:34,-08:00,2025-01-15T15:56:34-08:00,0,0
style.css,168,css,7e2eb090,Kevin Souder,2025-01-15,15:56:34,-08:00,2025-01-15T15:56:34-08:00,0,3
style.css,169,css,7e2eb090,Kevin Souder,2025-01-15,15:56:34,-08:00,2025-01-15T15:56:34-08:00,0,13
style.css,170,css,7e2eb090,Kevin Souder,2025-01-15,15:56:34,-08:00,2025-01-15T15:56:34-08:00,0,31
style.css,171,css,7e2eb090,Kevin Souder,2025-01-15,15:56:34,-08:00,2025-01-15T15:56:34-08:00,0,19
style.css,172,css,7e2eb090,Kevin Souder,2025-01-15,15:56:34,-08:00,2025-01-15T15:56:34-08:00,0,8
style.css,173,css,7e2eb090,Kevin Souder,2025-01-15,15:56:34,-08:00,2025-01-15T15:56:34-08:00,0,17
style.css,174,css,7e2eb090,Kevin Souder,2025-01-15,15:56:34,-08:00,2025-01-15T15:56:34-08:00,0,20
style.css,175,css,7e2eb090,Kevin Souder,2025-01-15,15:56:34,-08:00,2025-01-15T15:56:34-08:00,0,0
style.css,176,css,7e2eb090,Kevin Souder,2025-01-15,15:56:34,-08:00,2025-01-15T15:56:34-08:00,0,13
style.css,177,css,7e2eb090,Kevin Souder,2025-01-15,15:56:34,-08:00,2025-01-15T15:56:34-08:00,0,19
style.css,178,css,7e2eb090,Kevin Souder,2025-01-15,15:56:34,-08:00,2025-01-15T15:56:34-08:00,0,18
style.css,179,css,7e2eb090,Kevin Souder,2025-01-15,15:56:34,-08:00,2025-01-15T15:56:34-08:00,0,17
style.css,180,css,7e2eb090,Kevin Souder,2025-01-15,15:56:34,-08:00,2025-01-15T15:56:34-08:00,0,0
style.css,181,css,7e2eb090,Kevin Souder,2025-01-15,15:56:34,-08:00,2025-01-15T15:56:34-08:00,0,23
style.css,182,css,7e2eb090,Kevin Souder,2025-01-15,15:56:34,-08:00,2025-01-15T15:56:34-08:00,0,13
style.css,183,css,7e2eb090,Kevin Souder,2025-01-15,15:56:34,-08:00,2025-01-15T15:56:34-08:00,0,18
style.css,184,css,7e2eb090,Kevin Souder,2025-01-15,15:56:34,-08:00,2025-01-15T15:56:34-08:00,0,0
style.css,185,css,637d6726,Kevin Souder,2025-01-22,18:04:30,-08:00,2025-01-22T18:04:30-08:00,0,0
style.css,186,css,637d6726,Kevin Souder,2025-01-22,18:04:30,-08:00,2025-01-22T18:04:30-08:00,0,0
style.css,187,css,637d6726,Kevin Souder,2025-01-22,18:04:30,-08:00,2025-01-22T18:04:30-08:00,0,28
style.css,188,css,e6a23dd7,Kevin Souder,2025-01-22,18:11:12,-08:00,2025-01-22T18:11:12-08:00,0,14
style.css,189,css,637d6726,Kevin Souder,2025-01-22,18:04:30,-08:00,2025-01-22T18:04:30-08:00,0,18
style.css,190,css,637d6726,Kevin Souder,2025-01-22,18:04:30,-08:00,2025-01-22T18:04:30-08:00,0,8
style.css,191,css,637d6726,Kevin Souder,2025-01-22,18:04:30,-08:00,2025-01-22T18:04:30-08:00,0,10
style.css,192,css,637d6726,Kevin Souder,2025-01-22,18:04:30,-08:00,2025-01-22T18:04:30-08:00,0,14
style.css,193,css,637d6726,Kevin Souder,2025-01-22,18:04:30,-08:00,2025-01-22T18:04:30-08:00,0,26
style.css,194,css,637d6726,Kevin Souder,2025-01-22,18:04:30,-08:00,2025-01-22T18:04:30-08:00,0,0
style.css,195,css,0498df06,Kevin Souder,2025-01-29,16:54:57,-08:00,2025-01-29T16:54:57-08:00,0,0
style.css,196,css,0498df06,Kevin Souder,2025-01-29,16:54:57,-08:00,2025-01-29T16:54:57-08:00,0,0
style.css,197,css,0498df06,Kevin Souder,2025-01-29,16:54:57,-08:00,2025-01-29T16:54:57-08:00,0,17
style.css,198,css,0498df06,Kevin Souder,2025-01-29,16:54:57,-08:00,2025-01-29T16:54:57-08:00,0,15
style.css,199,css,0498df06,Kevin Souder,2025-01-29,16:54:57,-08:00,2025-01-29T16:54:57-08:00,0,13
style.css,200,css,d07986dc,Kevin Souder,2025-02-05,06:41:12,-08:00,2025-02-05T06:41:12-08:00,0,58
style.css,201,css,3a70d0c0,Kevin Souder,2025-01-29,17:21:55,-08:00,2025-01-29T17:21:55-08:00,0,9
style.css,202,css,0498df06,Kevin Souder,2025-01-29,16:54:57,-08:00,2025-01-29T16:54:57-08:00,0,0
style.css,203,css,0498df06,Kevin Souder,2025-01-29,16:54:57,-08:00,2025-01-29T16:54:57-08:00,0,0
style.css,204,css,b8a922c5,Kevin Souder,2025-02-05,06:59:16,-08:00,2025-02-05T06:59:16-08:00,0,17
style.css,205,css,b8a922c5,Kevin Souder,2025-02-05,06:59:16,-08:00,2025-02-05T06:59:16-08:00,0,18
style.css,206,css,b8a922c5,Kevin Souder,2025-02-05,06:59:16,-08:00,2025-02-05T06:59:16-08:00,0,37
style.css,207,css,b8a922c5,Kevin Souder,2025-02-05,06:59:16,-08:00,2025-02-05T06:59:16-08:00,0,52
style.css,208,css,b8a922c5,Kevin Souder,2025-02-05,06:59:16,-08:00,2025-02-05T06:59:16-08:00,0,53
style.css,209,css,b8a922c5,Kevin Souder,2025-02-05,06:59:16,-08:00,2025-02-05T06:59:16-08:00,0,13
style.css,210,css,b8a922c5,Kevin Souder,2025-02-05,06:59:16,-08:00,2025-02-05T06:59:16-08:00,0,55
style.css,211,css,b8a922c5,Kevin Souder,2025-02-05,06:59:16,-08:00,2025-02-05T06:59:16-08:00,0,0
style.css,212,css,b8a922c5,Kevin Souder,2025-02-05,06:59:16,-08:00,2025-02-05T06:59:16-08:00,0,0
style.css,213,css,0498df06,Kevin Souder,2025-01-29,16:54:57,-08:00,2025-01-29T16:54:57-08:00,0,18
style.css,214,css,0498df06,Kevin Souder,2025-01-29,16:54:57,-08:00,2025-01-29T16:54:57-08:00,0,58
style.css,215,css,e50047a5,Kevin Souder,2025-01-29,17:05:56,-08:00,2025-01-29T17:05:56-08:00,0,52
style.css,216,css,3a70d0c0,Kevin Souder,2025-01-29,17:21:55,-08:00,2025-01-29T17:21:55-08:00,0,19
style.css,217,css,0498df06,Kevin Souder,2025-01-29,16:54:57,-08:00,2025-01-29T16:54:57-08:00,0,0
style.css,218,css,0498df06,Kevin Souder,2025-01-29,16:54:57,-08:00,2025-01-29T16:54:57-08:00,0,0
style.css,219,css,0498df06,Kevin Souder,2025-01-29,16:54:57,-08:00,2025-01-29T16:54:57-08:00,0,18
style.css,220,css,0498df06,Kevin Souder,2025-01-29,16:54:57,-08:00,2025-01-29T16:54:57-08:00,0,59
style.css,221,css,0498df06,Kevin Souder,2025-01-29,16:54:57,-08:00,2025-01-29T16:54:57-08:00,0,37
style.css,222,css,aefed659,Kevin Souder,2025-02-04,20:45:05,-08:00,2025-02-04T20:45:05-08:00,0,0
style.css,223,css,b8a922c5,Kevin Souder,2025-02-05,06:59:16,-08:00,2025-02-05T06:59:16-08:00,0,0
style.css,224,css,d07986dc,Kevin Souder,2025-02-05,06:41:12,-08:00,2025-02-05T06:41:12-08:00,0,10
style.css,225,css,aefed659,Kevin Souder,2025-02-04,20:45:05,-08:00,2025-02-04T20:45:05-08:00,0,14
style.css,226,css,b512291c,Kevin Souder,2025-02-04,21:01:10,-08:00,2025-02-04T21:01:10-08:00,0,65
style.css,227,css,b512291c,Kevin Souder,2025-02-04,21:01:10,-08:00,2025-02-04T21:01:10-08:00,0,64
style.css,228,css,aefed659,Kevin Souder,2025-02-04,20:45:05,-08:00,2025-02-04T20:45:05-08:00,0,17
style.css,229,css,aefed659,Kevin Souder,2025-02-04,20:45:05,-08:00,2025-02-04T20:45:05-08:00,0,11
style.css,230,css,aefed659,Kevin Souder,2025-02-04,20:45:05,-08:00,2025-02-04T20:45:05-08:00,0,15
style.css,231,css,293e48e0,Kevin Souder,2025-02-04,20:48:43,-08:00,2025-02-04T20:48:43-08:00,0,0
style.css,232,css,293e48e0,Kevin Souder,2025-02-04,20:48:43,-08:00,2025-02-04T20:48:43-08:00,0,12
style.css,233,css,293e48e0,Kevin Souder,2025-02-04,20:48:43,-08:00,2025-02-04T20:48:43-08:00,0,16
style.css,234,css,365131cc,Kevin Souder,2025-02-04,21:56:01,-08:00,2025-02-04T21:56:01-08:00,0,0
style.css,235,css,365131cc,Kevin Souder,2025-02-04,21:56:01,-08:00,2025-02-04T21:56:01-08:00,0,0
style.css,236,css,d07986dc,Kevin Souder,2025-02-05,06:41:12,-08:00,2025-02-05T06:41:12-08:00,0,32
style.css,237,css,19e69b86,Kevin Souder,2025-02-07,00:18:22,-08:00,2025-02-07T00:18:22-08:00,0,18
style.css,238,css,67343f04,Kevin Souder,2025-02-05,07:55:09,-08:00,2025-02-05T07:55:09-08:00,0,15
style.css,239,css,67343f04,Kevin Souder,2025-02-05,07:55:09,-08:00,2025-02-05T07:55:09-08:00,0,19
style.css,240,css,365131cc,Kevin Souder,2025-02-04,21:56:01,-08:00,2025-02-04T21:56:01-08:00,0,17
style.css,241,css,d70fd0dc,Kevin Souder,2025-02-07,00:20:25,-08:00,2025-02-07T00:20:25-08:00,0,0
style.css,242,css,d70fd0dc,Kevin Souder,2025-02-07,00:20:25,-08:00,2025-02-07T00:20:25-08:00,0,0
style.css,243,css,8802f72d,Kevin Souder,2025-02-07,00:33:21,-08:00,2025-02-07T00:33:21-08:00,0,17
style.css,244,css,d70fd0dc,Kevin Souder,2025-02-07,00:20:25,-08:00,2025-02-07T00:20:25-08:00,0,30
style.css,245,css,d70fd0dc,Kevin Souder,2025-02-07,00:20:25,-08:00,2025-02-07T00:20:25-08:00,0,10
style.css,246,css,d70fd0dc,Kevin Souder,2025-02-07,00:20:25,-08:00,2025-02-07T00:20:25-08:00,0,0
style.css,247,css,d70fd0dc,Kevin Souder,2025-02-07,00:20:25,-08:00,2025-02-07T00:20:25-08:00,0,0
style.css,248,css,d70fd0dc,Kevin Souder,2025-02-07,00:20:25,-08:00,2025-02-07T00:20:25-08:00,0,42
style.css,249,css,d70fd0dc,Kevin Souder,2025-02-07,00:20:25,-08:00,2025-02-07T00:20:25-08:00,0,12
style.css,250,css,d07986dc,Kevin Souder,2025-02-05,06:41:12,-08:00,2025-02-05T06:41:12-08:00,0,0
style.css,251,css,d07986dc,Kevin Souder,2025-02-05,06:41:12,-08:00,2025-02-05T06:41:12-08:00,0,0
style.css,252,css,8802f72d,Kevin Souder,2025-02-07,00:33:21,-08:00,2025-02-07T00:33:21-08:00,0,5
style.css,253,css,8802f72d,Kevin Souder,2025-02-07,00:33:21,-08:00,2025-02-07T00:33:21-08:00,0,17
style.css,254,css,c562bd6b,Kevin Souder,2025-02-07,12:05:52,-08:00,2025-02-07T12:05:52-08:00,0,15
style.css,255,css,8802f72d,Kevin Souder,2025-02-07,00:33:21,-08:00,2025-02-07T00:33:21-08:00,0,0
style.css,256,css,8802f72d,Kevin Souder,2025-02-07,00:33:21,-08:00,2025-02-07T00:33:21-08:00,0,0
style.css,257,css,8802f72d,Kevin Souder,2025-02-07,00:33:21,-08:00,2025-02-07T00:33:21-08:00,0,10
style.css,258,css,8802f72d,Kevin Souder,2025-02-07,00:33:21,-08:00,2025-02-07T00:33:21-08:00,0,36
style.css,259,css,8802f72d,Kevin Souder,2025-02-07,00:33:21,-08:00,2025-02-07T00:33:21-08:00,0,0
style.css,260,css,65232309,Kevin Souder,2025-02-07,12:44:43,-08:00,2025-02-07T12:44:43-08:00,0,11
style.css,261,css,65232309,Kevin Souder,2025-02-07,12:44:43,-08:00,2025-02-07T12:44:43-08:00,0,18
style.css,262,css,65232309,Kevin Souder,2025-02-07,12:44:43,-08:00,2025-02-07T12:44:43-08:00,0,0
style.css,263,css,dd44a093,Kevin Souder,2025-02-07,14:20:35,-08:00,2025-02-07T14:20:35-08:00,0,26
style.css,264,css,dd44a093,Kevin Souder,2025-02-07,14:20:35,-08:00,2025-02-07T14:20:35-08:00,0,41
style.css,265,css,dd44a093,Kevin Souder,2025-02-07,14:20:35,-08:00,2025-02-07T14:20:35-08:00,0,0
style.css,266,css,ff7b1e3c,Kevin Souder,2025-02-07,11:59:47,-08:00,2025-02-07T11:59:47-08:00,0,0
style.css,267,css,8802f72d,Kevin Souder,2025-02-07,00:33:21,-08:00,2025-02-07T00:33:21-08:00,0,0
style.css,268,css,27f1ed0f,Kevin Souder,2025-02-05,07:07:37,-08:00,2025-02-05T07:07:37-08:00,0,25
style.css,269,css,dce4e02d,Kevin Souder,2025-02-05,07:03:11,-08:00,2025-02-05T07:03:11-08:00,0,8
style.css,270,css,67343f04,Kevin Souder,2025-02-05,07:55:09,-08:00,2025-02-05T07:55:09-08:00,0,56
style.css,271,css,67343f04,Kevin Souder,2025-02-05,07:55:09,-08:00,2025-02-05T07:55:09-08:00,0,54
style.css,272,css,67343f04,Kevin Souder,2025-02-05,07:55:09,-08:00,2025-02-05T07:55:09-08:00,0,10
style.css,273,css,dce4e02d,Kevin Souder,2025-02-05,07:03:11,-08:00,2025-02-05T07:03:11-08:00,0,22
style.css,274,css,dce4e02d,Kevin Souder,2025-02-05,07:03:11,-08:00,2025-02-05T07:03:11-08:00,0,14
style.css,275,css,dce4e02d,Kevin Souder,2025-02-05,07:03:11,-08:00,2025-02-05T07:03:11-08:00,0,17
style.css,276,css,dce4e02d,Kevin Souder,2025-02-05,07:03:11,-08:00,2025-02-05T07:03:11-08:00,0,0
style.css,277,css,dce4e02d,Kevin Souder,2025-02-05,07:03:11,-08:00,2025-02-05T07:03:11-08:00,0,0
style.css,278,css,dce4e02d,Kevin Souder,2025-02-05,07:03:11,-08:00,2025-02-05T07:03:11-08:00,0,13
style.css,279,css,dce4e02d,Kevin Souder,2025-02-05,07:03:11,-08:00,2025-02-05T07:03:11-08:00,0,13
style.css,280,css,dce4e02d,Kevin Souder,2025-02-05,07:03:11,-08:00,2025-02-05T07:03:11-08:00,0,19
style.css,281,css,dce4e02d,Kevin Souder,2025-02-05,07:03:11,-08:00,2025-02-05T07:03:11-08:00,0,10
style.css,282,css,dce4e02d,Kevin Souder,2025-02-05,07:03:11,-08:00,2025-02-05T07:03:11-08:00,0,0
style.css,283,css,dce4e02d,Kevin Souder,2025-02-05,07:03:11,-08:00,2025-02-05T07:03:11-08:00,0,0
style.css,284,css,dce4e02d,Kevin Souder,2025-02-05,07:03:11,-08:00,2025-02-05T07:03:11-08:00,0,21
style.css,285,css,dce4e02d,Kevin Souder,2025-02-05,07:03:11,-08:00,2025-02-05T07:03:11-08:00,0,21
style.css,286,css,dce4e02d,Kevin Souder,2025-02-05,07:03:11,-08:00,2025-02-05T07:03:11-08:00,0,17
style.css,287,css,dce4e02d,Kevin Souder,2025-02-05,07:03:11,-08:00,2025-02-05T07:03:11-08:00,0,12
style.css,288,css,dce4e02d,Kevin Souder,2025-02-05,07:03:11,-08:00,2025-02-05T07:03:11-08:00,0,13
style.css,289,css,dce4e02d,Kevin Souder,2025-02-05,07:03:11,-08:00,2025-02-05T07:03:11-08:00,0,30
style.css,290,css,dce4e02d,Kevin Souder,2025-02-05,07:03:11,-08:00,2025-02-05T07:03:11-08:00,0,18
style.css,291,css,dce4e02d,Kevin Souder,2025-02-05,07:03:11,-08:00,2025-02-05T07:03:11-08:00,0,0
style.css,292,css,dce4e02d,Kevin Souder,2025-02-05,07:03:11,-08:00,2025-02-05T07:03:11-08:00,0,0
style.css,293,css,dce4e02d,Kevin Souder,2025-02-05,07:03:11,-08:00,2025-02-05T07:03:11-08:00,0,39
style.css,294,css,dce4e02d,Kevin Souder,2025-02-05,07:03:11,-08:00,2025-02-05T07:03:11-08:00,0,11
style.css,295,css,dce4e02d,Kevin Souder,2025-02-05,07:03:11,-08:00,2025-02-05T07:03:11-08:00,0,13
style.css,296,css,dce4e02d,Kevin Souder,2025-02-05,07:03:11,-08:00,2025-02-05T07:03:11-08:00,0,55
style.css,297,css,dce4e02d,Kevin Souder,2025-02-05,07:03:11,-08:00,2025-02-05T07:03:11-08:00,0,49
style.css,298,css,dce4e02d,Kevin Souder,2025-02-05,07:03:11,-08:00,2025-02-05T07:03:11-08:00,0,75
style.css,299,css,d2ae17a8,Kevin Souder,2025-02-05,06:53:56,-08:00,2025-02-05T06:53:56-08:00,0,0
style.css,300,css,19e69b86,Kevin Souder,2025-02-07,00:18:22,-08:00,2025-02-07T00:18:22-08:00,0,0
style.css,301,css,19e69b86,Kevin Souder,2025-02-07,00:18:22,-08:00,2025-02-07T00:18:22-08:00,0,0
index.js,1,js,132c3ed9,Kevin Souder,2025-01-29,17:01:15,-08:00,2025-01-29T17:01:15-08:00,0,72
index.js,2,js,70e11b9a,Kevin Souder,2025-01-29,16:04:47,-08:00,2025-01-29T16:04:47-08:00,0,0
index.js,3,js,70e11b9a,Kevin Souder,2025-01-29,16:04:47,-08:00,2025-01-29T16:04:47-08:00,0,58
index.js,4,js,68ba4744,Kevin Souder,2025-01-29,16:19:18,-08:00,2025-01-29T16:19:18-08:00,0,0
index.js,5,js,64ea0153,Kevin Souder,2025-01-29,16:15:26,-08:00,2025-01-29T16:15:26-08:00,0,55
index.js,6,js,70e11b9a,Kevin Souder,2025-01-29,16:04:47,-08:00,2025-01-29T16:04:47-08:00,0,14
index.js,7,js,2e6ad5ca,Kevin Souder,2025-01-29,23:12:45,-08:00,2025-01-29T23:12:45-08:00,0,0
index.js,8,js,2e6ad5ca,Kevin Souder,2025-01-29,23:12:45,-08:00,2025-01-29T23:12:45-08:00,0,49
index.js,9,js,2e6ad5ca,Kevin Souder,2025-01-29,23:12:45,-08:00,2025-01-29T23:12:45-08:00,0,49
index.js,10,js,2e6ad5ca,Kevin Souder,2025-01-29,23:12:45,-08:00,2025-01-29T23:12:45-08:00,0,53
index.js,11,js,2e6ad5ca,Kevin Souder,2025-01-29,23:12:45,-08:00,2025-01-29T23:12:45-08:00,0,65
index.js,12,js,45911b67,Kevin Souder,2025-01-29,23:16:14,-08:00,2025-01-29T23:16:14-08:00,0,48
index.js,13,js,2e6ad5ca,Kevin Souder,2025-01-29,23:12:45,-08:00,2025-01-29T23:12:45-08:00,0,7
index.js,14,js,45911b67,Kevin Souder,2025-01-29,23:16:14,-08:00,2025-01-29T23:16:14-08:00,0,64
index.js,15,js,45911b67,Kevin Souder,2025-01-29,23:16:14,-08:00,2025-01-29T23:16:14-08:00,0,40
index.js,16,js,2e6ad5ca,Kevin Souder,2025-01-29,23:12:45,-08:00,2025-01-29T23:12:45-08:00,0,0
index.js,17,js,2e6ad5ca,Kevin Souder,2025-01-29,23:12:45,-08:00,2025-01-29T23:12:45-08:00,0,14
index.js,18,js,2e6ad5ca,Kevin Souder,2025-01-29,23:12:45,-08:00,2025-01-29T23:12:45-08:00,0,2
index.js,19,js,2e6ad5ca,Kevin Souder,2025-01-29,23:12:45,-08:00,2025-01-29T23:12:45-08:00,0,56
index.js,20,js,2e6ad5ca,Kevin Souder,2025-01-29,23:12:45,-08:00,2025-01-29T23:12:45-08:00,0,0
index.js,21,js,2e6ad5ca,Kevin Souder,2025-01-29,23:12:45,-08:00,2025-01-29T23:12:45-08:00,0,0
index.js,22,js,ff201ee0,Kevin Souder,2025-01-29,23:19:46,-08:00,2025-01-29T23:19:46-08:00,0,46
index.js,23,js,ff201ee0,Kevin Souder,2025-01-29,23:19:46,-08:00,2025-01-29T23:19:46-08:00,0,51
index.js,24,js,ff201ee0,Kevin Souder,2025-01-29,23:19:46,-08:00,2025-01-29T23:19:46-08:00,0,0
index.js,25,js,70e11b9a,Kevin Souder,2025-01-29,16:04:47,-08:00,2025-01-29T16:04:47-08:00,0,47
index.js,26,js,68ba4744,Kevin Souder,2025-01-29,16:19:18,-08:00,2025-01-29T16:19:18-08:00,0,61
index.js,27,js,0498df06,Kevin Souder,2025-01-29,16:54:57,-08:00,2025-01-29T16:54:57-08:00,0,0
index.js,28,js,68ba4744,Kevin Souder,2025-01-29,16:19:18,-08:00,2025-01-29T16:19:18-08:00,0,23
index.js,29,js,70e11b9a,Kevin Souder,2025-01-29,16:04:47,-08:00,2025-01-29T16:04:47-08:00,0,55
index.js,30,js,68ba4744,Kevin Souder,2025-01-29,16:19:18,-08:00,2025-01-29T16:19:18-08:00,0,72
index.js,31,js,70e11b9a,Kevin Souder,2025-01-29,16:04:47,-08:00,2025-01-29T16:04:47-08:00,0,7
index.js,32,js,68ba4744,Kevin Souder,2025-01-29,16:19:18,-08:00,2025-01-29T16:19:18-08:00,0,53
index.js,33,js,70e11b9a,Kevin Souder,2025-01-29,16:04:47,-08:00,2025-01-29T16:04:47-08:00,0,0
index.js,34,js,70e11b9a,Kevin Souder,2025-01-29,16:04:47,-08:00,2025-01-29T16:04:47-08:00,0,7
index.js,35,js,70e11b9a,Kevin Souder,2025-01-29,16:04:47,-08:00,2025-01-29T16:04:47-08:00,0,32
index.js,36,js,70e11b9a,Kevin Souder,2025-01-29,16:04:47,-08:00,2025-01-29T16:04:47-08:00,0,0
index.js,37,js,0498df06,Kevin Souder,2025-01-29,16:54:57,-08:00,2025-01-29T16:54:57-08:00,0,0
index.js,38,js,0498df06,Kevin Souder,2025-01-29,16:54:57,-08:00,2025-01-29T16:54:57-08:00,0,12
index.js,39,js,907e4e9f,Kevin Souder,2025-01-29,16:57:02,-08:00,2025-01-29T16:57:02-08:00,0,52
index.js,40,js,0498df06,Kevin Souder,2025-01-29,16:54:57,-08:00,2025-01-29T16:54:57-08:00,0,16
index.js,41,js,0498df06,Kevin Souder,2025-01-29,16:54:57,-08:00,2025-01-29T16:54:57-08:00,0,47
index.js,42,js,0498df06,Kevin Souder,2025-01-29,16:54:57,-08:00,2025-01-29T16:54:57-08:00,0,0
index.js,43,js,0498df06,Kevin Souder,2025-01-29,16:54:57,-08:00,2025-01-29T16:54:57-08:00,0,36
index.js,44,js,0498df06,Kevin Souder,2025-01-29,16:54:57,-08:00,2025-01-29T16:54:57-08:00,0,61
index.js,45,js,0498df06,Kevin Souder,2025-01-29,16:54:57,-08:00,2025-01-29T16:54:57-08:00,0,18
index.js,46,js,0498df06,Kevin Souder,2025-01-29,16:54:57,-08:00,2025-01-29T16:54:57-08:00,0,65
index.js,47,js,0498df06,Kevin Souder,2025-01-29,16:54:57,-08:00,2025-01-29T16:54:57-08:00,0,25
index.js,48,js,0498df06,Kevin Souder,2025-01-29,16:54:57,-08:00,2025-01-29T16:54:57-08:00,0,3
index.js,49,js,0498df06,Kevin Souder,2025-01-29,16:54:57,-08:00,2025-01-29T16:54:57-08:00,0,50
index.js,50,js,0498df06,Kevin Souder,2025-01-29,16:54:57,-08:00,2025-01-29T16:54:57-08:00,0,50
index.js,51,js,0498df06,Kevin Souder,2025-01-29,16:54:57,-08:00,2025-01-29T16:54:57-08:00,0,56
index.js,52,js,0498df06,Kevin Souder,2025-01-29,16:54:57,-08:00,2025-01-29T16:54:57-08:00,0,4
index.js,53,js,0498df06,Kevin Souder,2025-01-29,16:54:57,-08:00,2025-01-29T16:54:57-08:00,0,1
index.js,54,js,0498df06,Kevin Souder,2025-01-29,16:54:57,-08:00,2025-01-29T16:54:57-08:00,0,49
index.js,55,js,0498df06,Kevin Souder,2025-01-29,16:54:57,-08:00,2025-01-29T16:54:57-08:00,0,7
index.js,56,js,0498df06,Kevin Souder,2025-01-29,16:54:57,-08:00,2025-01-29T16:54:57-08:00,0,58
index.js,57,js,0498df06,Kevin Souder,2025-01-29,16:54:57,-08:00,2025-01-29T16:54:57-08:00,0,0
index.js,58,js,0498df06,Kevin Souder,2025-01-29,16:54:57,-08:00,2025-01-29T16:54:57-08:00,0,7
index.js,59,js,0498df06,Kevin Souder,2025-01-29,16:54:57,-08:00,2025-01-29T16:54:57-08:00,0,39
index.js,60,js,0498df06,Kevin Souder,2025-01-29,16:54:57,-08:00,2025-01-29T16:54:57-08:00,0,0
index.js,61,js,70e11b9a,Kevin Souder,2025-01-29,16:04:47,-08:00,2025-01-29T16:04:47-08:00,0,2
index.html,1,html,716d8b5d,Kevin Souder,2025-01-08,16:47:08,-08:00,2025-01-08T16:47:08-08:00,0,14
index.html,2,html,660900e4,Kevin Souder,2025-01-22,16:19:45,-08:00,2025-01-22T16:19:45-08:00,0,28
index.html,3,html,716d8b5d,Kevin Souder,2025-01-08,16:47:08,-08:00,2025-01-08T16:47:08-08:00,0,5
index.html,4,html,716d8b5d,Kevin Souder,2025-01-08,16:47:08,-08:00,2025-01-08T16:47:08-08:00,0,21
index.html,5,html,716d8b5d,Kevin Souder,2025-01-08,16:47:08,-08:00,2025-01-08T16:47:08-08:00,0,69
index.html,6,html,716d8b5d,Kevin Souder,2025-01-08,16:47:08,-08:00,2025-01-08T16:47:08-08:00,0,55
index.html,7,html,255b6b33,Kevin Souder,2025-01-08,18:43:47,-08:00,2025-01-08T18:43:47-08:00,0,40
index.html,8,html,01d30ab9,Kevin Souder,2025-01-22,13:08:24,-08:00,2025-01-22T13:08:24-08:00,0,46
index.html,9,html,64ea0153,Kevin Souder,2025-01-29,16:15:26,-08:00,2025-01-29T16:15:26-08:00,0,51
index.html,10,html,716d8b5d,Kevin Souder,2025-01-08,16:47:08,-08:00,2025-01-08T16:47:08-08:00,0,6
index.html,11,html,716d8b5d,Kevin Souder,2025-01-08,16:47:08,-08:00,2025-01-08T16:47:08-08:00,0,5
index.html,12,html,637d6726,Kevin Souder,2025-01-22,18:04:30,-08:00,2025-01-22T18:04:30-08:00,0,32
index.html,13,html,637d6726,Kevin Souder,2025-01-22,18:04:30,-08:00,2025-01-22T18:04:30-08:00,0,5
index.html,14,html,637d6726,Kevin Souder,2025-01-22,18:04:30,-08:00,2025-01-22T18:04:30-08:00,0,27
index.html,15,html,637d6726,Kevin Souder,2025-01-22,18:04:30,-08:00,2025-01-22T18:04:30-08:00,0,44
index.html,16,html,637d6726,Kevin Souder,2025-01-22,18:04:30,-08:00,2025-01-22T18:04:30-08:00,0,35
index.html,17,html,637d6726,Kevin Souder,2025-01-22,18:04:30,-08:00,2025-01-22T18:04:30-08:00,0,33
index.html,18,html,637d6726,Kevin Souder,2025-01-22,18:04:30,-08:00,2025-01-22T18:04:30-08:00,0,8
index.html,19,html,637d6726,Kevin Souder,2025-01-22,18:04:30,-08:00,2025-01-22T18:04:30-08:00,0,11
index.html,20,html,716d8b5d,Kevin Souder,2025-01-08,16:47:08,-08:00,2025-01-08T16:47:08-08:00,0,0
index.html,21,html,3a1a4a66,Kevin Souder,2025-01-22,15:49:07,-08:00,2025-01-22T15:49:07-08:00,0,9
index.html,22,html,091a3798,Kevin Souder,2025-01-22,13:34:10,-08:00,2025-01-22T13:34:10-08:00,0,36
index.html,23,html,382fb21c,Kevin Souder,2025-01-14,19:57:34,-08:00,2025-01-14T19:57:34-08:00,0,42
index.html,24,html,3c0c024c,Kevin Souder,2025-01-14,19:36:01,-08:00,2025-01-14T19:36:01-08:00,0,44
index.html,25,html,3c0c024c,Kevin Souder,2025-01-14,19:36:01,-08:00,2025-01-14T19:36:01-08:00,0,45
index.html,26,html,3c0c024c,Kevin Souder,2025-01-14,19:36:01,-08:00,2025-01-14T19:36:01-08:00,0,75
index.html,27,html,3a1a4a66,Kevin Souder,2025-01-22,15:49:07,-08:00,2025-01-22T15:49:07-08:00,0,9
index.html,28,html,3c0c024c,Kevin Souder,2025-01-14,19:36:01,-08:00,2025-01-14T19:36:01-08:00,0,0
index.html,29,html,af29e2c7,Kevin Souder,2025-01-08,17:29:24,-08:00,2025-01-08T17:29:24-08:00,0,22
index.html,30,html,649c4e1c,Kevin Souder,2025-01-09,01:12:11,-08:00,2025-01-09T01:12:11-08:00,0,107
index.html,31,html,649c4e1c,Kevin Souder,2025-01-09,01:12:11,-08:00,2025-01-09T01:12:11-08:00,0,25
index.html,32,html,e3a5d0ad,Kevin Souder,2025-01-08,17:10:52,-08:00,2025-01-08T17:10:52-08:00,0,2
index.html,33,html,8eb8917a,Kevin Souder,2025-01-08,17:22:33,-08:00,2025-01-08T17:22:33-08:00,0,54
index.html,34,html,e3a5d0ad,Kevin Souder,2025-01-08,17:10:52,-08:00,2025-01-08T17:10:52-08:00,0,86
index.html,35,html,8eb8917a,Kevin Souder,2025-01-08,17:22:33,-08:00,2025-01-08T17:22:33-08:00,0,100
index.html,36,html,e3a5d0ad,Kevin Souder,2025-01-08,17:10:52,-08:00,2025-01-08T17:10:52-08:00,0,3
index.html,37,html,716d8b5d,Kevin Souder,2025-01-08,16:47:08,-08:00,2025-01-08T16:47:08-08:00,0,0
index.html,38,html,70e11b9a,Kevin Souder,2025-01-29,16:04:47,-08:00,2025-01-29T16:04:47-08:00,0,23
index.html,39,html,70e11b9a,Kevin Souder,2025-01-29,16:04:47,-08:00,2025-01-29T16:04:47-08:00,0,21
index.html,40,html,70e11b9a,Kevin Souder,2025-01-29,16:04:47,-08:00,2025-01-29T16:04:47-08:00,0,50
index.html,41,html,70e11b9a,Kevin Souder,2025-01-29,16:04:47,-08:00,2025-01-29T16:04:47-08:00,0,5
index.html,42,html,0498df06,Kevin Souder,2025-01-29,16:54:57,-08:00,2025-01-29T16:54:57-08:00,0,28
index.html,43,html,0498df06,Kevin Souder,2025-01-29,16:54:57,-08:00,2025-01-29T16:54:57-08:00,0,23
index.html,44,html,0498df06,Kevin Souder,2025-01-29,16:54:57,-08:00,2025-01-29T16:54:57-08:00,0,62
index.html,45,html,0498df06,Kevin Souder,2025-01-29,16:54:57,-08:00,2025-01-29T16:54:57-08:00,0,5
index.html,46,html,716d8b5d,Kevin Souder,2025-01-08,16:47:08,-08:00,2025-01-08T16:47:08-08:00,0,6
index.html,47,html,716d8b5d,Kevin Souder,2025-01-08,16:47:08,-08:00,2025-01-08T16:47:08-08:00,0,6
global.js,1,js,01d30ab9,Kevin Souder,2025-01-22,13:08:24,-08:00,2025-01-22T13:08:24-08:00,0,26
global.js,2,js,01d30ab9,Kevin Souder,2025-01-22,13:08:24,-08:00,2025-01-22T13:08:24-08:00,0,0
global.js,3,js,01d30ab9,Kevin Souder,2025-01-22,13:08:24,-08:00,2025-01-22T13:08:24-08:00,0,42
global.js,4,js,01d30ab9,Kevin Souder,2025-01-22,13:08:24,-08:00,2025-01-22T13:08:24-08:00,0,53
global.js,5,js,091a3798,Kevin Souder,2025-01-22,13:34:10,-08:00,2025-01-22T13:34:10-08:00,0,0
global.js,6,js,091a3798,Kevin Souder,2025-01-22,13:34:10,-08:00,2025-01-22T13:34:10-08:00,0,0
global.js,7,js,3a1a4a66,Kevin Souder,2025-01-22,15:49:07,-08:00,2025-01-22T15:49:07-08:00,0,8
global.js,8,js,3a1a4a66,Kevin Souder,2025-01-22,15:49:07,-08:00,2025-01-22T15:49:07-08:00,0,29
global.js,9,js,3a1a4a66,Kevin Souder,2025-01-22,15:49:07,-08:00,2025-01-22T15:49:07-08:00,0,34
global.js,10,js,3a1a4a66,Kevin Souder,2025-01-22,15:49:07,-08:00,2025-01-22T15:49:07-08:00,0,73
global.js,11,js,3a1a4a66,Kevin Souder,2025-01-22,15:49:07,-08:00,2025-01-22T15:49:07-08:00,0,6
global.js,12,js,3a1a4a66,Kevin Souder,2025-01-22,15:49:07,-08:00,2025-01-22T15:49:07-08:00,0,20
global.js,13,js,3a1a4a66,Kevin Souder,2025-01-22,15:49:07,-08:00,2025-01-22T15:49:07-08:00,0,43
global.js,14,js,3a1a4a66,Kevin Souder,2025-01-22,15:49:07,-08:00,2025-01-22T15:49:07-08:00,0,48
global.js,15,js,3a1a4a66,Kevin Souder,2025-01-22,15:49:07,-08:00,2025-01-22T15:49:07-08:00,0,10
global.js,16,js,3a1a4a66,Kevin Souder,2025-01-22,15:49:07,-08:00,2025-01-22T15:49:07-08:00,0,35
global.js,17,js,3a1a4a66,Kevin Souder,2025-01-22,15:49:07,-08:00,2025-01-22T15:49:07-08:00,0,3
global.js,18,js,091a3798,Kevin Souder,2025-01-22,13:34:10,-08:00,2025-01-22T13:34:10-08:00,0,0
global.js,19,js,3a1a4a66,Kevin Souder,2025-01-22,15:49:07,-08:00,2025-01-22T15:49:07-08:00,0,0
global.js,20,js,3a1a4a66,Kevin Souder,2025-01-22,15:49:07,-08:00,2025-01-22T15:49:07-08:00,0,8
global.js,21,js,3a1a4a66,Kevin Souder,2025-01-22,15:49:07,-08:00,2025-01-22T15:49:07-08:00,0,12
global.js,22,js,269c0348,Kevin Souder,2025-01-22,16:11:23,-08:00,2025-01-22T16:11:23-08:00,0,36
global.js,23,js,06e732f4,Kevin Souder,2025-01-22,15:54:32,-08:00,2025-01-22T15:54:32-08:00,0,49
global.js,24,js,06e732f4,Kevin Souder,2025-01-22,15:54:32,-08:00,2025-01-22T15:54:32-08:00,0,46
global.js,25,js,06e732f4,Kevin Souder,2025-01-22,15:54:32,-08:00,2025-01-22T15:54:32-08:00,0,49
global.js,26,js,dbd4658a,Kevin Souder,2025-02-10,21:40:49,-08:00,2025-02-10T21:40:49-08:00,0,44
global.js,27,js,91e71c4a,Kevin Souder,2025-01-22,16:41:02,-08:00,2025-01-22T16:41:02-08:00,0,61
global.js,28,js,3a1a4a66,Kevin Souder,2025-01-22,15:49:07,-08:00,2025-01-22T15:49:07-08:00,0,1
global.js,29,js,3a1a4a66,Kevin Souder,2025-01-22,15:49:07,-08:00,2025-01-22T15:49:07-08:00,0,0
global.js,30,js,3a1a4a66,Kevin Souder,2025-01-22,15:49:07,-08:00,2025-01-22T15:49:07-08:00,0,39
global.js,31,js,3a1a4a66,Kevin Souder,2025-01-22,15:49:07,-08:00,2025-01-22T15:49:07-08:00,0,26
global.js,32,js,3a1a4a66,Kevin Souder,2025-01-22,15:49:07,-08:00,2025-01-22T15:49:07-08:00,0,0
global.js,33,js,3a1a4a66,Kevin Souder,2025-01-22,15:49:07,-08:00,2025-01-22T15:49:07-08:00,0,71
global.js,34,js,348af6ef,Kevin Souder,2025-01-22,16:58:51,-08:00,2025-01-22T16:58:51-08:00,0,76
global.js,35,js,3a1a4a66,Kevin Souder,2025-01-22,15:49:07,-08:00,2025-01-22T15:49:07-08:00,0,0
global.js,36,js,3a1a4a66,Kevin Souder,2025-01-22,15:49:07,-08:00,2025-01-22T15:49:07-08:00,0,21
global.js,37,js,3a1a4a66,Kevin Souder,2025-01-22,15:49:07,-08:00,2025-01-22T15:49:07-08:00,0,15
global.js,38,js,3a1a4a66,Kevin Souder,2025-01-22,15:49:07,-08:00,2025-01-22T15:49:07-08:00,0,19
global.js,39,js,3a1a4a66,Kevin Souder,2025-01-22,15:49:07,-08:00,2025-01-22T15:49:07-08:00,0,36
global.js,40,js,3a1a4a66,Kevin Souder,2025-01-22,15:49:07,-08:00,2025-01-22T15:49:07-08:00,0,45
global.js,41,js,3a1a4a66,Kevin Souder,2025-01-22,15:49:07,-08:00,2025-01-22T15:49:07-08:00,0,17
global.js,42,js,3a1a4a66,Kevin Souder,2025-01-22,15:49:07,-08:00,2025-01-22T15:49:07-08:00,0,0
global.js,43,js,c15bbe9d,Kevin Souder,2025-01-22,15:58:59,-08:00,2025-01-22T15:58:59-08:00,0,0
global.js,44,js,91e71c4a,Kevin Souder,2025-01-22,16:41:02,-08:00,2025-01-22T16:41:02-08:00,0,71
global.js,45,js,91e71c4a,Kevin Souder,2025-01-22,16:41:02,-08:00,2025-01-22T16:41:02-08:00,0,9
global.js,46,js,91e71c4a,Kevin Souder,2025-01-22,16:41:02,-08:00,2025-01-22T16:41:02-08:00,0,35
global.js,47,js,91e71c4a,Kevin Souder,2025-01-22,16:41:02,-08:00,2025-01-22T16:41:02-08:00,0,12
global.js,48,js,91e71c4a,Kevin Souder,2025-01-22,16:41:02,-08:00,2025-01-22T16:41:02-08:00,0,21
global.js,49,js,91e71c4a,Kevin Souder,2025-01-22,16:41:02,-08:00,2025-01-22T16:41:02-08:00,0,13
global.js,50,js,06e732f4,Kevin Souder,2025-01-22,15:54:32,-08:00,2025-01-22T15:54:32-08:00,0,0
global.js,51,js,fe4b4c52,Kevin Souder,2025-01-22,16:48:26,-08:00,2025-01-22T16:48:26-08:00,0,66
global.js,52,js,fe4b4c52,Kevin Souder,2025-01-22,16:48:26,-08:00,2025-01-22T16:48:26-08:00,0,26
global.js,53,js,fe4b4c52,Kevin Souder,2025-01-22,16:48:26,-08:00,2025-01-22T16:48:26-08:00,0,0
global.js,54,js,348af6ef,Kevin Souder,2025-01-22,16:58:51,-08:00,2025-01-22T16:58:51-08:00,0,0
global.js,55,js,fe4b4c52,Kevin Souder,2025-01-22,16:48:26,-08:00,2025-01-22T16:48:26-08:00,0,29
global.js,56,js,fe4b4c52,Kevin Souder,2025-01-22,16:48:26,-08:00,2025-01-22T16:48:26-08:00,0,19
global.js,57,js,348af6ef,Kevin Souder,2025-01-22,16:58:51,-08:00,2025-01-22T16:58:51-08:00,0,29
global.js,58,js,fe4b4c52,Kevin Souder,2025-01-22,16:48:26,-08:00,2025-01-22T16:48:26-08:00,0,0
global.js,59,js,07a669cc,Kevin Souder,2025-01-22,16:29:57,-08:00,2025-01-22T16:29:57-08:00,0,0
global.js,60,js,07a669cc,Kevin Souder,2025-01-22,16:29:57,-08:00,2025-01-22T16:29:57-08:00,0,0
global.js,61,js,348af6ef,Kevin Souder,2025-01-22,16:58:51,-08:00,2025-01-22T16:58:51-08:00,0,20
global.js,62,js,348af6ef,Kevin Souder,2025-01-22,16:58:51,-08:00,2025-01-22T16:58:51-08:00,0,35
global.js,63,js,348af6ef,Kevin Souder,2025-01-22,16:58:51,-08:00,2025-01-22T16:58:51-08:00,0,62
global.js,64,js,348af6ef,Kevin Souder,2025-01-22,16:58:51,-08:00,2025-01-22T16:58:51-08:00,0,26
global.js,65,js,348af6ef,Kevin Souder,2025-01-22,16:58:51,-08:00,2025-01-22T16:58:51-08:00,0,13
global.js,66,js,348af6ef,Kevin Souder,2025-01-22,16:58:51,-08:00,2025-01-22T16:58:51-08:00,0,19
global.js,67,js,348af6ef,Kevin Souder,2025-01-22,16:58:51,-08:00,2025-01-22T16:58:51-08:00,0,29
global.js,68,js,348af6ef,Kevin Souder,2025-01-22,16:58:51,-08:00,2025-01-22T16:58:51-08:00,0,0
global.js,69,js,91e71c4a,Kevin Souder,2025-01-22,16:41:02,-08:00,2025-01-22T16:41:02-08:00,0,0
global.js,70,js,70ed2a67,Kevin Souder,2025-01-22,17:07:45,-08:00,2025-01-22T17:07:45-08:00,0,7
global.js,71,js,f20e7738,Kevin Souder,2025-01-22,17:56:44,-08:00,2025-01-22T17:56:44-08:00,0,32
global.js,72,js,f20e7738,Kevin Souder,2025-01-22,17:56:44,-08:00,2025-01-22T17:56:44-08:00,0,12
global.js,73,js,f20e7738,Kevin Souder,2025-01-22,17:56:44,-08:00,2025-01-22T17:56:44-08:00,0,0
global.js,74,js,f20e7738,Kevin Souder,2025-01-22,17:56:44,-08:00,2025-01-22T17:56:44-08:00,0,27
global.js,75,js,f20e7738,Kevin Souder,2025-01-22,17:56:44,-08:00,2025-01-22T17:56:44-08:00,0,5
global.js,76,js,f20e7738,Kevin Souder,2025-01-22,17:56:44,-08:00,2025-01-22T17:56:44-08:00,0,27
global.js,77,js,f20e7738,Kevin Souder,2025-01-22,17:56:44,-08:00,2025-01-22T17:56:44-08:00,0,46
global.js,78,js,f20e7738,Kevin Souder,2025-01-22,17:56:44,-08:00,2025-01-22T17:56:44-08:00,0,37
global.js,79,js,f20e7738,Kevin Souder,2025-01-22,17:56:44,-08:00,2025-01-22T17:56:44-08:00,0,35
global.js,80,js,f20e7738,Kevin Souder,2025-01-22,17:56:44,-08:00,2025-01-22T17:56:44-08:00,0,8
global.js,81,js,f20e7738,Kevin Souder,2025-01-22,17:56:44,-08:00,2025-01-22T17:56:44-08:00,0,8
global.js,82,js,e78ec49b,Kevin Souder,2025-01-23,21:42:35,-08:00,2025-01-23T21:42:35-08:00,0,1
global.js,83,js,e78ec49b,Kevin Souder,2025-01-23,21:42:35,-08:00,2025-01-23T21:42:35-08:00,0,0
global.js,84,js,e78ec49b,Kevin Souder,2025-01-23,21:42:35,-08:00,2025-01-23T21:42:35-08:00,0,56
global.js,85,js,e78ec49b,Kevin Souder,2025-01-23,21:42:35,-08:00,2025-01-23T21:42:35-08:00,0,0
global.js,86,js,5b05e103,Kevin Souder,2025-01-24,12:02:08,-08:00,2025-01-24T12:02:08-08:00,0,20
global.js,87,js,93754ab4,Kevin Souder,2025-01-23,22:06:39,-08:00,2025-01-23T22:06:39-08:00,0,52
global.js,88,js,93754ab4,Kevin Souder,2025-01-23,22:06:39,-08:00,2025-01-23T22:06:39-08:00,0,35
global.js,89,js,8a86f83f,Kevin Souder,2025-01-24,17:32:11,-08:00,2025-01-24T17:32:11-08:00,0,84
global.js,90,js,8a86f83f,Kevin Souder,2025-01-24,17:32:11,-08:00,2025-01-24T17:32:11-08:00,0,39
global.js,91,js,8a86f83f,Kevin Souder,2025-01-24,17:32:11,-08:00,2025-01-24T17:32:11-08:00,0,67
global.js,92,js,93754ab4,Kevin Souder,2025-01-23,22:06:39,-08:00,2025-01-23T22:06:39-08:00,0,0
global.js,93,js,93754ab4,Kevin Souder,2025-01-23,22:06:39,-08:00,2025-01-23T22:06:39-08:00,0,2
global.js,94,js,93754ab4,Kevin Souder,2025-01-23,22:06:39,-08:00,2025-01-23T22:06:39-08:00,0,0
global.js,95,js,5b05e103,Kevin Souder,2025-01-24,12:02:08,-08:00,2025-01-24T12:02:08-08:00,0,50
global.js,96,js,e78ec49b,Kevin Souder,2025-01-23,21:42:35,-08:00,2025-01-23T21:42:35-08:00,0,50
global.js,97,js,8a86f83f,Kevin Souder,2025-01-24,17:32:11,-08:00,2025-01-24T17:32:11-08:00,0,78
global.js,98,js,8a86f83f,Kevin Souder,2025-01-24,17:32:11,-08:00,2025-01-24T17:32:11-08:00,0,64
global.js,99,js,8a86f83f,Kevin Souder,2025-01-24,17:32:11,-08:00,2025-01-24T17:32:11-08:00,0,59
global.js,100,js,b078befa,Kevin Souder,2025-01-23,21:58:44,-08:00,2025-01-23T21:58:44-08:00,0,2
global.js,101,js,b078befa,Kevin Souder,2025-01-23,21:58:44,-08:00,2025-01-23T21:58:44-08:00,0,0
global.js,102,js,8a86f83f,Kevin Souder,2025-01-24,17:32:11,-08:00,2025-01-24T17:32:11-08:00,0,8
global.js,103,js,f6891b5d,Kevin Souder,2025-01-23,22:17:13,-08:00,2025-01-23T22:17:13-08:00,0,52
global.js,104,js,f6891b5d,Kevin Souder,2025-01-23,22:17:13,-08:00,2025-01-23T22:17:13-08:00,0,43
global.js,105,js,5b05e103,Kevin Souder,2025-01-24,12:02:08,-08:00,2025-01-24T12:02:08-08:00,0,0
global.js,106,js,f6891b5d,Kevin Souder,2025-01-23,22:17:13,-08:00,2025-01-23T22:17:13-08:00,0,49
global.js,107,js,f6891b5d,Kevin Souder,2025-01-23,22:17:13,-08:00,2025-01-23T22:17:13-08:00,0,22
global.js,108,js,f6891b5d,Kevin Souder,2025-01-23,22:17:13,-08:00,2025-01-23T22:17:13-08:00,0,31
global.js,109,js,f6891b5d,Kevin Souder,2025-01-23,22:17:13,-08:00,2025-01-23T22:17:13-08:00,0,27
global.js,110,js,f6891b5d,Kevin Souder,2025-01-23,22:17:13,-08:00,2025-01-23T22:17:13-08:00,0,32
global.js,111,js,f6891b5d,Kevin Souder,2025-01-23,22:17:13,-08:00,2025-01-23T22:17:13-08:00,0,41
global.js,112,js,f6891b5d,Kevin Souder,2025-01-23,22:17:13,-08:00,2025-01-23T22:17:13-08:00,0,66
global.js,113,js,f6891b5d,Kevin Souder,2025-01-23,22:17:13,-08:00,2025-01-23T22:17:13-08:00,0,0
global.js,114,js,f6891b5d,Kevin Souder,2025-01-23,22:17:13,-08:00,2025-01-23T22:17:13-08:00,0,22
global.js,115,js,f6891b5d,Kevin Souder,2025-01-23,22:17:13,-08:00,2025-01-23T22:17:13-08:00,0,0
global.js,116,js,5b05e103,Kevin Souder,2025-01-24,12:02:08,-08:00,2025-01-24T12:02:08-08:00,0,16
global.js,117,js,5b05e103,Kevin Souder,2025-01-24,12:02:08,-08:00,2025-01-24T12:02:08-08:00,0,19
global.js,118,js,f6891b5d,Kevin Souder,2025-01-23,22:17:13,-08:00,2025-01-23T22:17:13-08:00,0,2
global.js,119,js,e8f9a49c,Kevin Souder,2025-01-29,12:13:13,-08:00,2025-01-29T12:13:13-08:00,0,2
global.js,120,js,e8f9a49c,Kevin Souder,2025-01-29,12:13:13,-08:00,2025-01-29T12:13:13-08:00,0,0
global.js,121,js,e8f9a49c,Kevin Souder,2025-01-29,12:13:13,-08:00,2025-01-29T12:13:13-08:00,0,7
global.js,122,js,e8f9a49c,Kevin Souder,2025-01-29,12:13:13,-08:00,2025-01-29T12:13:13-08:00,0,0
global.js,123,js,e8f9a49c,Kevin Souder,2025-01-29,12:13:13,-08:00,2025-01-29T12:13:13-08:00,0,37
global.js,124,js,e8f9a49c,Kevin Souder,2025-01-29,12:13:13,-08:00,2025-01-29T12:13:13-08:00,0,4
global.js,125,js,e8f9a49c,Kevin Souder,2025-01-29,12:13:13,-08:00,2025-01-29T12:13:13-08:00,0,40
global.js,126,js,e8f9a49c,Kevin Souder,2025-01-29,12:13:13,-08:00,2025-01-29T12:13:13-08:00,0,33
global.js,127,js,e8f9a49c,Kevin Souder,2025-01-29,12:13:13,-08:00,2025-01-29T12:13:13-08:00,0,18
global.js,128,js,e8f9a49c,Kevin Souder,2025-01-29,12:13:13,-08:00,2025-01-29T12:13:13-08:00,0,67
global.js,129,js,e8f9a49c,Kevin Souder,2025-01-29,12:13:13,-08:00,2025-01-29T12:13:13-08:00,0,0
global.js,130,js,0498df06,Kevin Souder,2025-01-29,16:54:57,-08:00,2025-01-29T16:54:57-08:00,0,32
global.js,131,js,e8f9a49c,Kevin Souder,2025-01-29,12:13:13,-08:00,2025-01-29T12:13:13-08:00,0,34
global.js,132,js,39ce2a03,Kevin Souder,2025-01-29,13:20:29,-08:00,2025-01-29T13:20:29-08:00,0,26
global.js,133,js,e8f9a49c,Kevin Souder,2025-01-29,12:13:13,-08:00,2025-01-29T12:13:13-08:00,0,11
global.js,134,js,e8f9a49c,Kevin Souder,2025-01-29,12:13:13,-08:00,2025-01-29T12:13:13-08:00,0,0
global.js,135,js,e8f9a49c,Kevin Souder,2025-01-29,12:13:13,-08:00,2025-01-29T12:13:13-08:00,0,16
global.js,136,js,e8f9a49c,Kevin Souder,2025-01-29,12:13:13,-08:00,2025-01-29T12:13:13-08:00,0,60
global.js,137,js,e8f9a49c,Kevin Souder,2025-01-29,12:13:13,-08:00,2025-01-29T12:13:13-08:00,0,0
global.js,138,js,e8f9a49c,Kevin Souder,2025-01-29,12:13:13,-08:00,2025-01-29T12:13:13-08:00,0,0
global.js,139,js,e8f9a49c,Kevin Souder,2025-01-29,12:13:13,-08:00,2025-01-29T12:13:13-08:00,0,0
global.js,140,js,59020fd3,Kevin Souder,2025-01-29,13:29:26,-08:00,2025-01-29T13:29:26-08:00,0,79
global.js,141,js,59020fd3,Kevin Souder,2025-01-29,13:29:26,-08:00,2025-01-29T13:29:26-08:00,0,31
global.js,142,js,f2d6f54a,Kevin Souder,2025-01-29,12:47:27,-08:00,2025-01-29T12:47:27-08:00,0,0
global.js,143,js,faeecf97,Kevin Souder,2025-02-04,20:57:25,-08:00,2025-02-04T20:57:25-08:00,0,27
global.js,144,js,faeecf97,Kevin Souder,2025-02-04,20:57:25,-08:00,2025-02-04T20:57:25-08:00,0,49
global.js,145,js,f2d6f54a,Kevin Souder,2025-01-29,12:47:27,-08:00,2025-01-29T12:47:27-08:00,0,0
global.js,146,js,faeecf97,Kevin Souder,2025-02-04,20:57:25,-08:00,2025-02-04T20:57:25-08:00,0,52
global.js,147,js,faeecf97,Kevin Souder,2025-02-04,20:57:25,-08:00,2025-02-04T20:57:25-08:00,0,35
global.js,148,js,f2d6f54a,Kevin Souder,2025-01-29,12:47:27,-08:00,2025-01-29T12:47:27-08:00,0,0
global.js,149,js,faeecf97,Kevin Souder,2025-02-04,20:57:25,-08:00,2025-02-04T20:57:25-08:00,0,43
global.js,150,js,faeecf97,Kevin Souder,2025-02-04,20:57:25,-08:00,2025-02-04T20:57:25-08:00,0,25
global.js,151,js,faeecf97,Kevin Souder,2025-02-04,20:57:25,-08:00,2025-02-04T20:57:25-08:00,0,25
global.js,152,js,f2d6f54a,Kevin Souder,2025-01-29,12:47:27,-08:00,2025-01-29T12:47:27-08:00,0,0
global.js,153,js,faeecf97,Kevin Souder,2025-02-04,20:57:25,-08:00,2025-02-04T20:57:25-08:00,0,47
global.js,154,js,faeecf97,Kevin Souder,2025-02-04,20:57:25,-08:00,2025-02-04T20:57:25-08:00,0,45
global.js,155,js,f2d6f54a,Kevin Souder,2025-01-29,12:47:27,-08:00,2025-01-29T12:47:27-08:00,0,0
global.js,156,js,faeecf97,Kevin Souder,2025-02-04,20:57:25,-08:00,2025-02-04T20:57:25-08:00,0,40
global.js,157,js,b512291c,Kevin Souder,2025-02-04,21:01:10,-08:00,2025-02-04T21:01:10-08:00,0,31
global.js,158,js,faeecf97,Kevin Souder,2025-02-04,20:57:25,-08:00,2025-02-04T20:57:25-08:00,0,34
global.js,159,js,cd8c4c5b,Kevin Souder,2025-02-04,20:53:38,-08:00,2025-02-04T20:53:38-08:00,0,0
global.js,160,js,faeecf97,Kevin Souder,2025-02-04,20:57:25,-08:00,2025-02-04T20:57:25-08:00,0,62
global.js,161,js,faeecf97,Kevin Souder,2025-02-04,20:57:25,-08:00,2025-02-04T20:57:25-08:00,0,49
global.js,162,js,faeecf97,Kevin Souder,2025-02-04,20:57:25,-08:00,2025-02-04T20:57:25-08:00,0,42
global.js,163,js,cd8c4c5b,Kevin Souder,2025-02-04,20:53:38,-08:00,2025-02-04T20:53:38-08:00,0,0
global.js,164,js,faeecf97,Kevin Souder,2025-02-04,20:57:25,-08:00,2025-02-04T20:57:25-08:00,0,28
global.js,165,js,faeecf97,Kevin Souder,2025-02-04,20:57:25,-08:00,2025-02-04T20:57:25-08:00,0,26
global.js,166,js,faeecf97,Kevin Souder,2025-02-04,20:57:25,-08:00,2025-02-04T20:57:25-08:00,0,45
global.js,167,js,f2d6f54a,Kevin Souder,2025-01-29,12:47:27,-08:00,2025-01-29T12:47:27-08:00,0,0
global.js,168,js,faeecf97,Kevin Souder,2025-02-04,20:57:25,-08:00,2025-02-04T20:57:25-08:00,0,37
global.js,169,js,faeecf97,Kevin Souder,2025-02-04,20:57:25,-08:00,2025-02-04T20:57:25-08:00,0,2
global.js,170,js,39ce2a03,Kevin Souder,2025-01-29,13:20:29,-08:00,2025-01-29T13:20:29-08:00,0,0
global.js,171,js,819d76b2,Kevin Souder,2025-01-29,13:36:37,-08:00,2025-01-29T13:36:37-08:00,0,0
global.js,172,js,0498df06,Kevin Souder,2025-01-29,16:54:57,-08:00,2025-01-29T16:54:57-08:00,0,15
global.js,173,js,0498df06,Kevin Souder,2025-01-29,16:54:57,-08:00,2025-01-29T16:54:57-08:00,0,48
global.js,174,js,0498df06,Kevin Souder,2025-01-29,16:54:57,-08:00,2025-01-29T16:54:57-08:00,0,13
global.js,175,js,0498df06,Kevin Souder,2025-01-29,16:54:57,-08:00,2025-01-29T16:54:57-08:00,0,60
global.js,176,js,0498df06,Kevin Souder,2025-01-29,16:54:57,-08:00,2025-01-29T16:54:57-08:00,0,7
global.js,177,js,0498df06,Kevin Souder,2025-01-29,16:54:57,-08:00,2025-01-29T16:54:57-08:00,0,37
global.js,178,js,0498df06,Kevin Souder,2025-01-29,16:54:57,-08:00,2025-01-29T16:54:57-08:00,0,0
global.js,179,js,0498df06,Kevin Souder,2025-01-29,16:54:57,-08:00,2025-01-29T16:54:57-08:00,0,0
resume/index.html,1,html,61e9b2c6,Kevin Souder,2025-01-09,01:38:22,-08:00,2025-01-09T01:38:22-08:00,0,14
resume/index.html,2,html,0690d9be,Kevin Souder,2025-01-22,16:36:42,-08:00,2025-01-22T16:36:42-08:00,0,30
resume/index.html,3,html,61e9b2c6,Kevin Souder,2025-01-09,01:38:22,-08:00,2025-01-09T01:38:22-08:00,0,5
resume/index.html,4,html,61e9b2c6,Kevin Souder,2025-01-09,01:38:22,-08:00,2025-01-09T01:38:22-08:00,0,21
resume/index.html,5,html,61e9b2c6,Kevin Souder,2025-01-09,01:38:22,-08:00,2025-01-09T01:38:22-08:00,0,69
resume/index.html,6,html,61e9b2c6,Kevin Souder,2025-01-09,01:38:22,-08:00,2025-01-09T01:38:22-08:00,0,20
resume/index.html,7,html,7e2eb090,Kevin Souder,2025-01-15,15:56:34,-08:00,2025-01-15T15:56:34-08:00,0,42
resume/index.html,8,html,cbed79be,Kevin Souder,2025-01-22,13:12:26,-08:00,2025-01-22T13:12:26-08:00,0,49
resume/index.html,9,html,61e9b2c6,Kevin Souder,2025-01-09,01:38:22,-08:00,2025-01-09T01:38:22-08:00,0,6
resume/index.html,10,html,61e9b2c6,Kevin Souder,2025-01-09,01:38:22,-08:00,2025-01-09T01:38:22-08:00,0,5
resume/index.html,11,html,cda4f8db,Kevin Souder,2025-01-09,12:36:17,-08:00,2025-01-09T12:36:17-08:00,0,0
resume/index.html,12,html,07a669cc,Kevin Souder,2025-01-22,16:29:57,-08:00,2025-01-22T16:29:57-08:00,0,0
resume/index.html,13,html,7e2eb090,Kevin Souder,2025-01-15,15:56:34,-08:00,2025-01-15T15:56:34-08:00,0,53
resume/index.html,14,html,07a669cc,Kevin Souder,2025-01-22,16:29:57,-08:00,2025-01-22T16:29:57-08:00,0,13
resume/index.html,15,html,99255f11,Kevin Souder,2025-01-10,15:10:00,-08:00,2025-01-10T15:10:00-08:00,0,32
resume/index.html,16,html,4f03d7f3,Kevin Souder,2025-01-09,17:37:18,-08:00,2025-01-09T17:37:18-08:00,0,82
resume/index.html,17,html,4f03d7f3,Kevin Souder,2025-01-09,17:37:18,-08:00,2025-01-09T17:37:18-08:00,0,94
resume/index.html,18,html,7e2eb090,Kevin Souder,2025-01-15,15:56:34,-08:00,2025-01-15T15:56:34-08:00,0,45
resume/index.html,19,html,7e2eb090,Kevin Souder,2025-01-15,15:56:34,-08:00,2025-01-15T15:56:34-08:00,0,47
resume/index.html,20,html,7e2eb090,Kevin Souder,2025-01-15,15:56:34,-08:00,2025-01-15T15:56:34-08:00,0,39
resume/index.html,21,html,3a1a4a66,Kevin Souder,2025-01-22,15:49:07,-08:00,2025-01-22T15:49:07-08:00,0,9
resume/index.html,22,html,2bda478c,Kevin Souder,2025-01-09,14:01:39,-08:00,2025-01-09T14:01:39-08:00,0,9
resume/index.html,23,html,ee5b1acd,Kevin Souder,2025-01-10,15:47:15,-08:00,2025-01-10T15:47:15-08:00,0,52
resume/index.html,24,html,ee5b1acd,Kevin Souder,2025-01-10,15:47:15,-08:00,2025-01-10T15:47:15-08:00,0,0
resume/index.html,25,html,4f03d7f3,Kevin Souder,2025-01-09,17:37:18,-08:00,2025-01-09T17:37:18-08:00,0,8
resume/index.html,26,html,081af793,Kevin Souder,2025-01-09,17:51:20,-08:00,2025-01-09T17:51:20-08:00,0,17
resume/index.html,27,html,f82398be,Kevin Souder,2025-01-09,18:11:11,-08:00,2025-01-09T18:11:11-08:00,0,86
resume/index.html,28,html,081af793,Kevin Souder,2025-01-09,17:51:20,-08:00,2025-01-09T17:51:20-08:00,0,128
resume/index.html,29,html,081af793,Kevin Souder,2025-01-09,17:51:20,-08:00,2025-01-09T17:51:20-08:00,0,128
resume/index.html,30,html,081af793,Kevin Souder,2025-01-09,17:51:20,-08:00,2025-01-09T17:51:20-08:00,0,64
resume/index.html,31,html,4f03d7f3,Kevin Souder,2025-01-09,17:37:18,-08:00,2025-01-09T17:37:18-08:00,0,9
resume/index.html,32,html,ee5b1acd,Kevin Souder,2025-01-10,15:47:15,-08:00,2025-01-10T15:47:15-08:00,0,52
resume/index.html,33,html,7e2eb090,Kevin Souder,2025-01-15,15:56:34,-08:00,2025-01-15T15:56:34-08:00,0,0
resume/index.html,34,html,7e2eb090,Kevin Souder,2025-01-15,15:56:34,-08:00,2025-01-15T15:56:34-08:00,0,26
resume/index.html,35,html,081af793,Kevin Souder,2025-01-09,17:51:20,-08:00,2025-01-09T17:51:20-08:00,0,19
resume/index.html,36,html,7e2eb090,Kevin Souder,2025-01-15,15:56:34,-08:00,2025-01-15T15:56:34-08:00,0,17
resume/index.html,37,html,7e2eb090,Kevin Souder,2025-01-15,15:56:34,-08:00,2025-01-15T15:56:34-08:00,0,39
resume/index.html,38,html,7e2eb090,Kevin Souder,2025-01-15,15:56:34,-08:00,2025-01-15T15:56:34-08:00,0,74
resume/index.html,39,html,7e2eb090,Kevin Souder,2025-01-15,15:56:34,-08:00,2025-01-15T15:56:34-08:00,0,4
resume/index.html,40,html,7e2eb090,Kevin Souder,2025-01-15,15:56:34,-08:00,2025-01-15T15:56:34-08:00,0,41
resume/index.html,41,html,7e2eb090,Kevin Souder,2025-01-15,15:56:34,-08:00,2025-01-15T15:56:34-08:00,0,27
resume/index.html,42,html,7e2eb090,Kevin Souder,2025-01-15,15:56:34,-08:00,2025-01-15T15:56:34-08:00,0,5
resume/index.html,43,html,4f03d7f3,Kevin Souder,2025-01-09,17:37:18,-08:00,2025-01-09T17:37:18-08:00,0,9
resume/index.html,44,html,ee5b1acd,Kevin Souder,2025-01-10,15:47:15,-08:00,2025-01-10T15:47:15-08:00,0,52
resume/index.html,45,html,7e2eb090,Kevin Souder,2025-01-15,15:56:34,-08:00,2025-01-15T15:56:34-08:00,0,0
resume/index.html,46,html,4f03d7f3,Kevin Souder,2025-01-09,17:37:18,-08:00,2025-01-09T17:37:18-08:00,0,8
resume/index.html,47,html,081af793,Kevin Souder,2025-01-09,17:51:20,-08:00,2025-01-09T17:51:20-08:00,0,28
resume/index.html,48,html,7938a188,Kevin Souder,2025-01-09,18:03:49,-08:00,2025-01-09T18:03:49-08:00,0,3
resume/index.html,49,html,7938a188,Kevin Souder,2025-01-09,18:03:49,-08:00,2025-01-09T18:03:49-08:00,0,44
resume/index.html,50,html,7938a188,Kevin Souder,2025-01-09,18:03:49,-08:00,2025-01-09T18:03:49-08:00,0,50
resume/index.html,51,html,7938a188,Kevin Souder,2025-01-09,18:03:49,-08:00,2025-01-09T18:03:49-08:00,0,58
resume/index.html,52,html,7938a188,Kevin Souder,2025-01-09,18:03:49,-08:00,2025-01-09T18:03:49-08:00,0,4
resume/index.html,53,html,4f03d7f3,Kevin Souder,2025-01-09,17:37:18,-08:00,2025-01-09T17:37:18-08:00,0,9
resume/index.html,54,html,ee5b1acd,Kevin Souder,2025-01-10,15:47:15,-08:00,2025-01-10T15:47:15-08:00,0,52
resume/index.html,55,html,7e2eb090,Kevin Souder,2025-01-15,15:56:34,-08:00,2025-01-15T15:56:34-08:00,0,0
resume/index.html,56,html,7e2eb090,Kevin Souder,2025-01-15,15:56:34,-08:00,2025-01-15T15:56:34-08:00,0,27
resume/index.html,57,html,081af793,Kevin Souder,2025-01-09,17:51:20,-08:00,2025-01-09T17:51:20-08:00,0,18
resume/index.html,58,html,f82398be,Kevin Souder,2025-01-09,18:11:11,-08:00,2025-01-09T18:11:11-08:00,0,41
resume/index.html,59,html,7e2eb090,Kevin Souder,2025-01-15,15:56:34,-08:00,2025-01-15T15:56:34-08:00,0,55
resume/index.html,60,html,7938a188,Kevin Souder,2025-01-09,18:03:49,-08:00,2025-01-09T18:03:49-08:00,0,3
resume/index.html,61,html,7938a188,Kevin Souder,2025-01-09,18:03:49,-08:00,2025-01-09T18:03:49-08:00,0,106
resume/index.html,62,html,7938a188,Kevin Souder,2025-01-09,18:03:49,-08:00,2025-01-09T18:03:49-08:00,0,94
resume/index.html,63,html,7938a188,Kevin Souder,2025-01-09,18:03:49,-08:00,2025-01-09T18:03:49-08:00,0,65
resume/index.html,64,html,7938a188,Kevin Souder,2025-01-09,18:03:49,-08:00,2025-01-09T18:03:49-08:00,0,60
resume/index.html,65,html,7938a188,Kevin Souder,2025-01-09,18:03:49,-08:00,2025-01-09T18:03:49-08:00,0,81
resume/index.html,66,html,7938a188,Kevin Souder,2025-01-09,18:03:49,-08:00,2025-01-09T18:03:49-08:00,0,4
resume/index.html,67,html,7938a188,Kevin Souder,2025-01-09,18:03:49,-08:00,2025-01-09T18:03:49-08:00,0,9
resume/index.html,68,html,081af793,Kevin Souder,2025-01-09,17:51:20,-08:00,2025-01-09T17:51:20-08:00,0,9
resume/index.html,69,html,ee5b1acd,Kevin Souder,2025-01-10,15:47:15,-08:00,2025-01-10T15:47:15-08:00,0,52
resume/index.html,70,html,7e2eb090,Kevin Souder,2025-01-15,15:56:34,-08:00,2025-01-15T15:56:34-08:00,0,0
resume/index.html,71,html,081af793,Kevin Souder,2025-01-09,17:51:20,-08:00,2025-01-09T17:51:20-08:00,0,8
resume/index.html,72,html,7e2eb090,Kevin Souder,2025-01-15,15:56:34,-08:00,2025-01-15T15:56:34-08:00,0,28
resume/index.html,73,html,7e2eb090,Kevin Souder,2025-01-15,15:56:34,-08:00,2025-01-15T15:56:34-08:00,0,20
resume/index.html,74,html,7e2eb090,Kevin Souder,2025-01-15,15:56:34,-08:00,2025-01-15T15:56:34-08:00,0,37
resume/index.html,75,html,7e2eb090,Kevin Souder,2025-01-15,15:56:34,-08:00,2025-01-15T15:56:34-08:00,0,43
resume/index.html,76,html,7e2eb090,Kevin Souder,2025-01-15,15:56:34,-08:00,2025-01-15T15:56:34-08:00,0,90
resume/index.html,77,html,7e2eb090,Kevin Souder,2025-01-15,15:56:34,-08:00,2025-01-15T15:56:34-08:00,0,4
resume/index.html,78,html,7e2eb090,Kevin Souder,2025-01-15,15:56:34,-08:00,2025-01-15T15:56:34-08:00,0,27
resume/index.html,79,html,7e2eb090,Kevin Souder,2025-01-15,15:56:34,-08:00,2025-01-15T15:56:34-08:00,0,3
resume/index.html,80,html,7e2eb090,Kevin Souder,2025-01-15,15:56:34,-08:00,2025-01-15T15:56:34-08:00,0,78
resume/index.html,81,html,7e2eb090,Kevin Souder,2025-01-15,15:56:34,-08:00,2025-01-15T15:56:34-08:00,0,108
resume/index.html,82,html,7e2eb090,Kevin Souder,2025-01-15,15:56:34,-08:00,2025-01-15T15:56:34-08:00,0,105
resume/index.html,83,html,7e2eb090,Kevin Souder,2025-01-15,15:56:34,-08:00,2025-01-15T15:56:34-08:00,0,4
resume/index.html,84,html,7e2eb090,Kevin Souder,2025-01-15,15:56:34,-08:00,2025-01-15T15:56:34-08:00,0,9
resume/index.html,85,html,7e2eb090,Kevin Souder,2025-01-15,15:56:34,-08:00,2025-01-15T15:56:34-08:00,0,5
resume/index.html,86,html,7e2eb090,Kevin Souder,2025-01-15,15:56:34,-08:00,2025-01-15T15:56:34-08:00,0,9
resume/index.html,87,html,ee5b1acd,Kevin Souder,2025-01-10,15:47:15,-08:00,2025-01-10T15:47:15-08:00,0,52
resume/index.html,88,html,7e2eb090,Kevin Souder,2025-01-15,15:56:34,-08:00,2025-01-15T15:56:34-08:00,0,0
resume/index.html,89,html,61e9b2c6,Kevin Souder,2025-01-09,01:38:22,-08:00,2025-01-09T01:38:22-08:00,0,6
resume/index.html,90,html,61e9b2c6,Kevin Souder,2025-01-09,01:38:22,-08:00,2025-01-09T01:38:22-08:00,0,6
projects/projects.js,1,js,819d76b2,Kevin Souder,2025-01-29,13:36:37,-08:00,2025-01-29T13:36:37-08:00,0,56
projects/projects.js,2,js,30b447e3,Kevin Souder,2025-02-04,22:11:54,-08:00,2025-02-04T22:11:54-08:00,0,64
projects/projects.js,3,js,819d76b2,Kevin Souder,2025-01-29,13:36:37,-08:00,2025-01-29T13:36:37-08:00,0,0
projects/projects.js,4,js,3c1f11c9,Kevin Souder,2025-01-29,15:39:58,-08:00,2025-01-29T15:39:58-08:00,0,58
projects/projects.js,5,js,3c1f11c9,Kevin Souder,2025-01-29,15:39:58,-08:00,2025-01-29T15:39:58-08:00,0,56
projects/projects.js,6,js,3d5d8a06,Kevin Souder,2025-02-06,23:11:07,-08:00,2025-02-06T23:11:07-08:00,0,14
projects/projects.js,7,js,3d5d8a06,Kevin Souder,2025-02-06,23:11:07,-08:00,2025-02-06T23:11:07-08:00,0,46
projects/projects.js,8,js,3d5d8a06,Kevin Souder,2025-02-06,23:11:07,-08:00,2025-02-06T23:11:07-08:00,0,0
projects/projects.js,9,js,3d5d8a06,Kevin Souder,2025-02-06,23:11:07,-08:00,2025-02-06T23:11:07-08:00,0,49
projects/projects.js,10,js,3d5d8a06,Kevin Souder,2025-02-06,23:11:07,-08:00,2025-02-06T23:11:07-08:00,0,49
projects/projects.js,11,js,3d5d8a06,Kevin Souder,2025-02-06,23:11:07,-08:00,2025-02-06T23:11:07-08:00,0,53
projects/projects.js,12,js,3d5d8a06,Kevin Souder,2025-02-06,23:11:07,-08:00,2025-02-06T23:11:07-08:00,0,65
projects/projects.js,13,js,3d5d8a06,Kevin Souder,2025-02-06,23:11:07,-08:00,2025-02-06T23:11:07-08:00,0,48
projects/projects.js,14,js,3d5d8a06,Kevin Souder,2025-02-06,23:11:07,-08:00,2025-02-06T23:11:07-08:00,0,7
projects/projects.js,15,js,3d5d8a06,Kevin Souder,2025-02-06,23:11:07,-08:00,2025-02-06T23:11:07-08:00,0,64
projects/projects.js,16,js,3d5d8a06,Kevin Souder,2025-02-06,23:11:07,-08:00,2025-02-06T23:11:07-08:00,0,40
projects/projects.js,17,js,3d5d8a06,Kevin Souder,2025-02-06,23:11:07,-08:00,2025-02-06T23:11:07-08:00,0,0
projects/projects.js,18,js,3d5d8a06,Kevin Souder,2025-02-06,23:11:07,-08:00,2025-02-06T23:11:07-08:00,0,14
projects/projects.js,19,js,3d5d8a06,Kevin Souder,2025-02-06,23:11:07,-08:00,2025-02-06T23:11:07-08:00,0,2
projects/projects.js,20,js,3d5d8a06,Kevin Souder,2025-02-06,23:11:07,-08:00,2025-02-06T23:11:07-08:00,0,56
projects/projects.js,21,js,3d5d8a06,Kevin Souder,2025-02-06,23:11:07,-08:00,2025-02-06T23:11:07-08:00,0,0
projects/projects.js,22,js,3d5d8a06,Kevin Souder,2025-02-06,23:11:07,-08:00,2025-02-06T23:11:07-08:00,0,61
projects/projects.js,23,js,3d5d8a06,Kevin Souder,2025-02-06,23:11:07,-08:00,2025-02-06T23:11:07-08:00,0,63
projects/projects.js,24,js,3d5d8a06,Kevin Souder,2025-02-06,23:11:07,-08:00,2025-02-06T23:11:07-08:00,0,23
projects/projects.js,25,js,3d5d8a06,Kevin Souder,2025-02-06,23:11:07,-08:00,2025-02-06T23:11:07-08:00,0,52
projects/projects.js,26,js,3d5d8a06,Kevin Souder,2025-02-06,23:11:07,-08:00,2025-02-06T23:11:07-08:00,0,57
projects/projects.js,27,js,3d5d8a06,Kevin Souder,2025-02-06,23:11:07,-08:00,2025-02-06T23:11:07-08:00,0,65
projects/projects.js,28,js,3d5d8a06,Kevin Souder,2025-02-06,23:11:07,-08:00,2025-02-06T23:11:07-08:00,0,0
projects/projects.js,29,js,3d5d8a06,Kevin Souder,2025-02-06,23:11:07,-08:00,2025-02-06T23:11:07-08:00,0,19
projects/projects.js,30,js,3d5d8a06,Kevin Souder,2025-02-06,23:11:07,-08:00,2025-02-06T23:11:07-08:00,0,57
projects/projects.js,31,js,3d5d8a06,Kevin Souder,2025-02-06,23:11:07,-08:00,2025-02-06T23:11:07-08:00,0,36
projects/projects.js,32,js,3d5d8a06,Kevin Souder,2025-02-06,23:11:07,-08:00,2025-02-06T23:11:07-08:00,0,7
projects/projects.js,33,js,3d5d8a06,Kevin Souder,2025-02-06,23:11:07,-08:00,2025-02-06T23:11:07-08:00,0,49
projects/projects.js,34,js,3d5d8a06,Kevin Souder,2025-02-06,23:11:07,-08:00,2025-02-06T23:11:07-08:00,0,0
projects/projects.js,35,js,3c1f11c9,Kevin Souder,2025-01-29,15:39:58,-08:00,2025-01-29T15:39:58-08:00,0,7
projects/projects.js,36,js,3d5d8a06,Kevin Souder,2025-02-06,23:11:07,-08:00,2025-02-06T23:11:07-08:00,0,44
projects/projects.js,37,js,3c1f11c9,Kevin Souder,2025-01-29,15:39:58,-08:00,2025-01-29T15:39:58-08:00,0,0
projects/projects.js,38,js,3c1f11c9,Kevin Souder,2025-01-29,15:39:58,-08:00,2025-01-29T15:39:58-08:00,0,7
projects/projects.js,39,js,3d5d8a06,Kevin Souder,2025-02-06,23:11:07,-08:00,2025-02-06T23:11:07-08:00,0,32
projects/projects.js,40,js,3c1f11c9,Kevin Souder,2025-01-29,15:39:58,-08:00,2025-01-29T15:39:58-08:00,0,0
projects/projects.js,41,js,19e69b86,Kevin Souder,2025-02-07,00:18:22,-08:00,2025-02-07T00:18:22-08:00,0,0
projects/projects.js,42,js,19e69b86,Kevin Souder,2025-02-07,00:18:22,-08:00,2025-02-07T00:18:22-08:00,0,16
projects/projects.js,43,js,168cf439,Kevin Souder,2025-02-07,12:35:37,-08:00,2025-02-07T12:35:37-08:00,0,22
projects/projects.js,44,js,8f0569b9,Kevin Souder,2025-02-06,23:46:59,-08:00,2025-02-06T23:46:59-08:00,0,39
projects/projects.js,45,js,8f0569b9,Kevin Souder,2025-02-06,23:46:59,-08:00,2025-02-06T23:46:59-08:00,0,30
projects/projects.js,46,js,8f0569b9,Kevin Souder,2025-02-06,23:46:59,-08:00,2025-02-06T23:46:59-08:00,0,13
projects/projects.js,47,js,8f0569b9,Kevin Souder,2025-02-06,23:46:59,-08:00,2025-02-06T23:46:59-08:00,0,15
projects/projects.js,48,js,8f0569b9,Kevin Souder,2025-02-06,23:46:59,-08:00,2025-02-06T23:46:59-08:00,0,13
projects/projects.js,49,js,8f0569b9,Kevin Souder,2025-02-06,23:46:59,-08:00,2025-02-06T23:46:59-08:00,0,1
projects/projects.js,50,js,89066efe,Kevin Souder,2025-02-07,11:50:22,-08:00,2025-02-07T11:50:22-08:00,0,0
projects/projects.js,51,js,3967d865,Kevin Souder,2025-02-07,12:43:47,-08:00,2025-02-07T12:43:47-08:00,0,51
projects/projects.js,52,js,37e47050,Kevin Souder,2025-02-07,15:11:36,-08:00,2025-02-07T15:11:36-08:00,0,29
projects/projects.js,53,js,37e47050,Kevin Souder,2025-02-07,15:11:36,-08:00,2025-02-07T15:11:36-08:00,0,1
projects/projects.js,54,js,89066efe,Kevin Souder,2025-02-07,11:50:22,-08:00,2025-02-07T11:50:22-08:00,0,0
projects/projects.js,55,js,8f0569b9,Kevin Souder,2025-02-06,23:46:59,-08:00,2025-02-06T23:46:59-08:00,0,44
projects/projects.js,56,js,89066efe,Kevin Souder,2025-02-07,11:50:22,-08:00,2025-02-07T11:50:22-08:00,0,0
projects/projects.js,57,js,8f0569b9,Kevin Souder,2025-02-06,23:46:59,-08:00,2025-02-06T23:46:59-08:00,0,54
projects/projects.js,58,js,8f0569b9,Kevin Souder,2025-02-06,23:46:59,-08:00,2025-02-06T23:46:59-08:00,0,43
projects/projects.js,59,js,8f0569b9,Kevin Souder,2025-02-06,23:46:59,-08:00,2025-02-06T23:46:59-08:00,0,58
projects/projects.js,60,js,89066efe,Kevin Souder,2025-02-07,11:50:22,-08:00,2025-02-07T11:50:22-08:00,0,0
projects/projects.js,61,js,cb55832f,Kevin Souder,2025-02-07,12:19:04,-08:00,2025-02-07T12:19:04-08:00,0,50
projects/projects.js,62,js,168cf439,Kevin Souder,2025-02-07,12:35:37,-08:00,2025-02-07T12:35:37-08:00,0,0
projects/projects.js,63,js,37e47050,Kevin Souder,2025-02-07,15:11:36,-08:00,2025-02-07T15:11:36-08:00,0,12
projects/projects.js,64,js,8f0569b9,Kevin Souder,2025-02-06,23:46:59,-08:00,2025-02-06T23:46:59-08:00,0,41
projects/projects.js,65,js,8f0569b9,Kevin Souder,2025-02-06,23:46:59,-08:00,2025-02-06T23:46:59-08:00,0,30
projects/projects.js,66,js,37e47050,Kevin Souder,2025-02-07,15:11:36,-08:00,2025-02-07T15:11:36-08:00,0,0
projects/projects.js,67,js,0900564e,Kevin Souder,2025-02-07,14:12:45,-08:00,2025-02-07T14:12:45-08:00,0,15
projects/projects.js,68,js,0900564e,Kevin Souder,2025-02-07,14:12:45,-08:00,2025-02-07T14:12:45-08:00,0,33
projects/projects.js,69,js,0900564e,Kevin Souder,2025-02-07,14:12:45,-08:00,2025-02-07T14:12:45-08:00,0,31
projects/projects.js,70,js,89066efe,Kevin Souder,2025-02-07,11:50:22,-08:00,2025-02-07T11:50:22-08:00,0,0
projects/projects.js,71,js,89066efe,Kevin Souder,2025-02-07,11:50:22,-08:00,2025-02-07T11:50:22-08:00,0,31
projects/projects.js,72,js,89066efe,Kevin Souder,2025-02-07,11:50:22,-08:00,2025-02-07T11:50:22-08:00,0,17
projects/projects.js,73,js,89066efe,Kevin Souder,2025-02-07,11:50:22,-08:00,2025-02-07T11:50:22-08:00,0,28
projects/projects.js,74,js,e0d9be86,Kevin Souder,2025-02-07,00:46:38,-08:00,2025-02-07T00:46:38-08:00,0,23
projects/projects.js,75,js,89066efe,Kevin Souder,2025-02-07,11:50:22,-08:00,2025-02-07T11:50:22-08:00,0,22
projects/projects.js,76,js,89066efe,Kevin Souder,2025-02-07,11:50:22,-08:00,2025-02-07T11:50:22-08:00,0,26
projects/projects.js,77,js,e0d9be86,Kevin Souder,2025-02-07,00:46:38,-08:00,2025-02-07T00:46:38-08:00,0,19
projects/projects.js,78,js,e0d9be86,Kevin Souder,2025-02-07,00:46:38,-08:00,2025-02-07T00:46:38-08:00,0,44
projects/projects.js,79,js,168cf439,Kevin Souder,2025-02-07,12:35:37,-08:00,2025-02-07T12:35:37-08:00,0,0
projects/projects.js,80,js,89066efe,Kevin Souder,2025-02-07,11:50:22,-08:00,2025-02-07T11:50:22-08:00,0,20
projects/projects.js,81,js,57cda440,Kevin Souder,2025-02-07,13:27:00,-08:00,2025-02-07T13:27:00-08:00,0,25
projects/projects.js,82,js,57cda440,Kevin Souder,2025-02-07,13:27:00,-08:00,2025-02-07T13:27:00-08:00,0,42
projects/projects.js,83,js,57cda440,Kevin Souder,2025-02-07,13:27:00,-08:00,2025-02-07T13:27:00-08:00,0,0
projects/projects.js,84,js,57cda440,Kevin Souder,2025-02-07,13:27:00,-08:00,2025-02-07T13:27:00-08:00,0,21
projects/projects.js,85,js,57cda440,Kevin Souder,2025-02-07,13:27:00,-08:00,2025-02-07T13:27:00-08:00,0,25
projects/projects.js,86,js,57cda440,Kevin Souder,2025-02-07,13:27:00,-08:00,2025-02-07T13:27:00-08:00,0,65
projects/projects.js,87,js,37e47050,Kevin Souder,2025-02-07,15:11:36,-08:00,2025-02-07T15:11:36-08:00,0,0
projects/projects.js,88,js,37e47050,Kevin Souder,2025-02-07,15:11:36,-08:00,2025-02-07T15:11:36-08:00,0,34
projects/projects.js,89,js,35eb6365,Kevin Souder,2025-02-07,17:51:30,-08:00,2025-02-07T17:51:30-08:00,0,47
projects/projects.js,90,js,35eb6365,Kevin Souder,2025-02-07,17:51:30,-08:00,2025-02-07T17:51:30-08:00,0,49
projects/projects.js,91,js,35eb6365,Kevin Souder,2025-02-07,17:51:30,-08:00,2025-02-07T17:51:30-08:00,0,7
projects/projects.js,92,js,35eb6365,Kevin Souder,2025-02-07,17:51:30,-08:00,2025-02-07T17:51:30-08:00,0,47
projects/projects.js,93,js,35eb6365,Kevin Souder,2025-02-07,17:51:30,-08:00,2025-02-07T17:51:30-08:00,0,47
projects/projects.js,94,js,35eb6365,Kevin Souder,2025-02-07,17:51:30,-08:00,2025-02-07T17:51:30-08:00,0,50
projects/projects.js,95,js,35eb6365,Kevin Souder,2025-02-07,17:51:30,-08:00,2025-02-07T17:51:30-08:00,0,30
projects/projects.js,96,js,35eb6365,Kevin Souder,2025-02-07,17:51:30,-08:00,2025-02-07T17:51:30-08:00,0,35
projects/projects.js,97,js,35eb6365,Kevin Souder,2025-02-07,17:51:30,-08:00,2025-02-07T17:51:30-08:00,0,1
projects/projects.js,98,js,35eb6365,Kevin Souder,2025-02-07,17:51:30,-08:00,2025-02-07T17:51:30-08:00,0,78
projects/projects.js,99,js,35eb6365,Kevin Souder,2025-02-07,17:51:30,-08:00,2025-02-07T17:51:30-08:00,0,0
projects/projects.js,100,js,35eb6365,Kevin Souder,2025-02-07,17:51:30,-08:00,2025-02-07T17:51:30-08:00,0,1
projects/projects.js,101,js,35eb6365,Kevin Souder,2025-02-07,17:51:30,-08:00,2025-02-07T17:51:30-08:00,0,57
projects/projects.js,102,js,35eb6365,Kevin Souder,2025-02-07,17:51:30,-08:00,2025-02-07T17:51:30-08:00,0,0
projects/projects.js,103,js,92879bf9,Kevin Souder,2025-02-07,01:48:58,-08:00,2025-02-07T01:48:58-08:00,0,2
projects/projects.js,104,js,17794ff2,Kevin Souder,2025-02-07,00:51:09,-08:00,2025-02-07T00:51:09-08:00,0,2
projects/projects.js,105,js,57cda440,Kevin Souder,2025-02-07,13:27:00,-08:00,2025-02-07T13:27:00-08:00,0,0
projects/projects.js,106,js,3967d865,Kevin Souder,2025-02-07,12:43:47,-08:00,2025-02-07T12:43:47-08:00,0,28
projects/projects.js,107,js,3967d865,Kevin Souder,2025-02-07,12:43:47,-08:00,2025-02-07T12:43:47-08:00,0,18
projects/projects.js,108,js,3967d865,Kevin Souder,2025-02-07,12:43:47,-08:00,2025-02-07T12:43:47-08:00,0,28
projects/projects.js,109,js,57cda440,Kevin Souder,2025-02-07,13:27:00,-08:00,2025-02-07T13:27:00-08:00,0,5
projects/projects.js,110,js,57cda440,Kevin Souder,2025-02-07,13:27:00,-08:00,2025-02-07T13:27:00-08:00,0,69
projects/projects.js,111,js,57cda440,Kevin Souder,2025-02-07,13:27:00,-08:00,2025-02-07T13:27:00-08:00,0,34
projects/projects.js,112,js,3967d865,Kevin Souder,2025-02-07,12:43:47,-08:00,2025-02-07T12:43:47-08:00,0,2
projects/projects.js,113,js,8f0569b9,Kevin Souder,2025-02-06,23:46:59,-08:00,2025-02-06T23:46:59-08:00,0,0
projects/projects.js,114,js,89066efe,Kevin Souder,2025-02-07,11:50:22,-08:00,2025-02-07T11:50:22-08:00,0,0
projects/projects.js,115,js,89066efe,Kevin Souder,2025-02-07,11:50:22,-08:00,2025-02-07T11:50:22-08:00,0,0
projects/projects.js,116,js,8f0569b9,Kevin Souder,2025-02-06,23:46:59,-08:00,2025-02-06T23:46:59-08:00,0,33
projects/projects.js,117,js,de8ed194,Kevin Souder,2025-02-06,23:55:44,-08:00,2025-02-06T23:55:44-08:00,0,24
projects/projects.js,118,js,52e3c00b,Kevin Souder,2025-02-06,23:01:37,-08:00,2025-02-06T23:01:37-08:00,0,0
projects/projects.js,119,js,de8ed194,Kevin Souder,2025-02-06,23:55:44,-08:00,2025-02-06T23:55:44-08:00,0,61
projects/projects.js,120,js,19e69b86,Kevin Souder,2025-02-07,00:18:22,-08:00,2025-02-07T00:18:22-08:00,0,0
projects/projects.js,121,js,35eb6365,Kevin Souder,2025-02-07,17:51:30,-08:00,2025-02-07T17:51:30-08:00,0,14
projects/projects.js,122,js,3d5d8a06,Kevin Souder,2025-02-06,23:11:07,-08:00,2025-02-06T23:11:07-08:00,0,54
projects/projects.js,123,js,8802f72d,Kevin Souder,2025-02-07,00:33:21,-08:00,2025-02-07T00:33:21-08:00,0,0
projects/projects.js,124,js,3d5d8a06,Kevin Souder,2025-02-06,23:11:07,-08:00,2025-02-06T23:11:07-08:00,0,49
projects/projects.js,125,js,8f0569b9,Kevin Souder,2025-02-06,23:46:59,-08:00,2025-02-06T23:46:59-08:00,0,20
projects/projects.js,126,js,8f0569b9,Kevin Souder,2025-02-06,23:46:59,-08:00,2025-02-06T23:46:59-08:00,0,26
projects/projects.js,127,js,8f0569b9,Kevin Souder,2025-02-06,23:46:59,-08:00,2025-02-06T23:46:59-08:00,0,35
projects/projects.js,128,js,8f0569b9,Kevin Souder,2025-02-06,23:46:59,-08:00,2025-02-06T23:46:59-08:00,0,17
projects/projects.js,129,js,35eb6365,Kevin Souder,2025-02-07,17:51:30,-08:00,2025-02-07T17:51:30-08:00,0,52
projects/projects.js,130,js,35eb6365,Kevin Souder,2025-02-07,17:51:30,-08:00,2025-02-07T17:51:30-08:00,0,60
projects/projects.js,131,js,35eb6365,Kevin Souder,2025-02-07,17:51:30,-08:00,2025-02-07T17:51:30-08:00,0,42
projects/projects.js,132,js,35eb6365,Kevin Souder,2025-02-07,17:51:30,-08:00,2025-02-07T17:51:30-08:00,0,33
projects/projects.js,133,js,35eb6365,Kevin Souder,2025-02-07,17:51:30,-08:00,2025-02-07T17:51:30-08:00,0,73
projects/projects.js,134,js,35eb6365,Kevin Souder,2025-02-07,17:51:30,-08:00,2025-02-07T17:51:30-08:00,0,0
projects/projects.js,135,js,35eb6365,Kevin Souder,2025-02-07,17:51:30,-08:00,2025-02-07T17:51:30-08:00,0,2
projects/projects.js,136,js,35eb6365,Kevin Souder,2025-02-07,17:51:30,-08:00,2025-02-07T17:51:30-08:00,0,53
projects/projects.js,137,js,35eb6365,Kevin Souder,2025-02-07,17:51:30,-08:00,2025-02-07T17:51:30-08:00,0,57
projects/projects.js,138,js,35eb6365,Kevin Souder,2025-02-07,17:51:30,-08:00,2025-02-07T17:51:30-08:00,0,32
projects/projects.js,139,js,19e69b86,Kevin Souder,2025-02-07,00:18:22,-08:00,2025-02-07T00:18:22-08:00,0,2
projects/projects.js,140,js,8f0569b9,Kevin Souder,2025-02-06,23:46:59,-08:00,2025-02-06T23:46:59-08:00,0,0
projects/projects.js,141,js,8802f72d,Kevin Souder,2025-02-07,00:33:21,-08:00,2025-02-07T00:33:21-08:00,0,0
projects/projects.js,142,js,52e3c00b,Kevin Souder,2025-02-06,23:01:37,-08:00,2025-02-06T23:01:37-08:00,0,2
projects/projects.js,143,js,3d5d8a06,Kevin Souder,2025-02-06,23:11:07,-08:00,2025-02-06T23:11:07-08:00,0,0
projects/index.html,1,html,1a2a9de5,Kevin Souder,2025-01-08,19:27:33,-08:00,2025-01-08T19:27:33-08:00,0,14
projects/index.html,2,html,0690d9be,Kevin Souder,2025-01-22,16:36:42,-08:00,2025-01-22T16:36:42-08:00,0,15
projects/index.html,3,html,1a2a9de5,Kevin Souder,2025-01-08,19:27:33,-08:00,2025-01-08T19:27:33-08:00,0,5
projects/index.html,4,html,1a2a9de5,Kevin Souder,2025-01-08,19:27:33,-08:00,2025-01-08T19:27:33-08:00,0,21
projects/index.html,5,html,1a2a9de5,Kevin Souder,2025-01-08,19:27:33,-08:00,2025-01-08T19:27:33-08:00,0,69
projects/index.html,6,html,1a2a9de5,Kevin Souder,2025-01-08,19:27:33,-08:00,2025-01-08T19:27:33-08:00,0,24
projects/index.html,7,html,382fb21c,Kevin Souder,2025-01-14,19:57:34,-08:00,2025-01-14T19:57:34-08:00,0,42
projects/index.html,8,html,cbed79be,Kevin Souder,2025-01-22,13:12:26,-08:00,2025-01-22T13:12:26-08:00,0,49
projects/index.html,9,html,c270cca9,Kevin Souder,2025-01-29,15:44:17,-08:00,2025-01-29T15:44:17-08:00,0,50
projects/index.html,10,html,1a2a9de5,Kevin Souder,2025-01-08,19:27:33,-08:00,2025-01-08T19:27:33-08:00,0,6
projects/index.html,11,html,1a2a9de5,Kevin Souder,2025-01-08,19:27:33,-08:00,2025-01-08T19:27:33-08:00,0,5
projects/index.html,12,html,aa4fc00a,Kevin Souder,2025-01-15,13:02:31,-08:00,2025-01-15T13:02:31-08:00,0,0
projects/index.html,13,html,3a1a4a66,Kevin Souder,2025-01-22,15:49:07,-08:00,2025-01-22T15:49:07-08:00,0,9
projects/index.html,14,html,aa4fc00a,Kevin Souder,2025-01-15,13:02:31,-08:00,2025-01-15T13:02:31-08:00,0,39
projects/index.html,15,html,aa4fc00a,Kevin Souder,2025-01-15,13:02:31,-08:00,2025-01-15T13:02:31-08:00,0,45
projects/index.html,16,html,091a3798,Kevin Souder,2025-01-22,13:34:10,-08:00,2025-01-22T13:34:10-08:00,0,35
projects/index.html,17,html,aa4fc00a,Kevin Souder,2025-01-15,13:02:31,-08:00,2025-01-15T13:02:31-08:00,0,48
projects/index.html,18,html,aa4fc00a,Kevin Souder,2025-01-15,13:02:31,-08:00,2025-01-15T13:02:31-08:00,0,75
projects/index.html,19,html,3a1a4a66,Kevin Souder,2025-01-22,15:49:07,-08:00,2025-01-22T15:49:07-08:00,0,9
projects/index.html,20,html,aa4fc00a,Kevin Souder,2025-01-15,13:02:31,-08:00,2025-01-15T13:02:31-08:00,0,0
projects/index.html,21,html,a66b3fb2,Kevin Souder,2025-02-04,21:59:41,-08:00,2025-02-04T21:59:41-08:00,0,40
projects/index.html,22,html,d2ae17a8,Kevin Souder,2025-02-05,06:53:56,-08:00,2025-02-05T06:53:56-08:00,0,22
projects/index.html,23,html,d2ae17a8,Kevin Souder,2025-02-05,06:53:56,-08:00,2025-02-05T06:53:56-08:00,0,53
projects/index.html,24,html,d2ae17a8,Kevin Souder,2025-02-05,06:53:56,-08:00,2025-02-05T06:53:56-08:00,0,78
projects/index.html,25,html,d2ae17a8,Kevin Souder,2025-02-05,06:53:56,-08:00,2025-02-05T06:53:56-08:00,0,5
projects/index.html,26,html,d2ae17a8,Kevin Souder,2025-02-05,06:53:56,-08:00,2025-02-05T06:53:56-08:00,0,23
projects/index.html,27,html,d2ae17a8,Kevin Souder,2025-02-05,06:53:56,-08:00,2025-02-05T06:53:56-08:00,0,5
projects/index.html,28,html,365131cc,Kevin Souder,2025-02-04,21:56:01,-08:00,2025-02-04T21:56:01-08:00,0,0
projects/index.html,29,html,9f083a7b,Kevin Souder,2025-02-06,22:10:27,-08:00,2025-02-06T22:10:27-08:00,0,5
projects/index.html,30,html,9f083a7b,Kevin Souder,2025-02-06,22:10:27,-08:00,2025-02-06T22:10:27-08:00,0,16
projects/index.html,31,html,9f083a7b,Kevin Souder,2025-02-06,22:10:27,-08:00,2025-02-06T22:10:27-08:00,0,12
projects/index.html,32,html,9f083a7b,Kevin Souder,2025-02-06,22:10:27,-08:00,2025-02-06T22:10:27-08:00,0,27
projects/index.html,33,html,9f083a7b,Kevin Souder,2025-02-06,22:10:27,-08:00,2025-02-06T22:10:27-08:00,0,32
projects/index.html,34,html,9f083a7b,Kevin Souder,2025-02-06,22:10:27,-08:00,2025-02-06T22:10:27-08:00,0,1
projects/index.html,35,html,9f083a7b,Kevin Souder,2025-02-06,22:10:27,-08:00,2025-02-06T22:10:27-08:00,0,0
projects/index.html,36,html,08c21658,Kevin Souder,2025-01-15,12:51:11,-08:00,2025-01-15T12:51:11-08:00,0,21
projects/index.html,37,html,c270cca9,Kevin Souder,2025-01-29,15:44:17,-08:00,2025-01-29T15:44:17-08:00,0,13
projects/index.html,38,html,08c21658,Kevin Souder,2025-01-15,12:51:11,-08:00,2025-01-15T12:51:11-08:00,0,30
projects/index.html,39,html,08c21658,Kevin Souder,2025-01-15,12:51:11,-08:00,2025-01-15T12:51:11-08:00,0,71
projects/index.html,40,html,08c21658,Kevin Souder,2025-01-15,12:51:11,-08:00,2025-01-15T12:51:11-08:00,0,239
projects/index.html,41,html,08c21658,Kevin Souder,2025-01-15,12:51:11,-08:00,2025-01-15T12:51:11-08:00,0,9
projects/index.html,42,html,08c21658,Kevin Souder,2025-01-15,12:51:11,-08:00,2025-01-15T12:51:11-08:00,0,8
projects/index.html,43,html,08c21658,Kevin Souder,2025-01-15,12:51:11,-08:00,2025-01-15T12:51:11-08:00,0,38
projects/index.html,44,html,08c21658,Kevin Souder,2025-01-15,12:51:11,-08:00,2025-01-15T12:51:11-08:00,0,71
projects/index.html,45,html,08c21658,Kevin Souder,2025-01-15,12:51:11,-08:00,2025-01-15T12:51:11-08:00,0,201
projects/index.html,46,html,08c21658,Kevin Souder,2025-01-15,12:51:11,-08:00,2025-01-15T12:51:11-08:00,0,9
projects/index.html,47,html,08c21658,Kevin Souder,2025-01-15,12:51:11,-08:00,2025-01-15T12:51:11-08:00,0,8
projects/index.html,48,html,08c21658,Kevin Souder,2025-01-15,12:51:11,-08:00,2025-01-15T12:51:11-08:00,0,41
projects/index.html,49,html,08c21658,Kevin Souder,2025-01-15,12:51:11,-08:00,2025-01-15T12:51:11-08:00,0,71
projects/index.html,50,html,08c21658,Kevin Souder,2025-01-15,12:51:11,-08:00,2025-01-15T12:51:11-08:00,0,221
projects/index.html,51,html,08c21658,Kevin Souder,2025-01-15,12:51:11,-08:00,2025-01-15T12:51:11-08:00,0,9
projects/index.html,52,html,08c21658,Kevin Souder,2025-01-15,12:51:11,-08:00,2025-01-15T12:51:11-08:00,0,8
projects/index.html,53,html,08c21658,Kevin Souder,2025-01-15,12:51:11,-08:00,2025-01-15T12:51:11-08:00,0,32
projects/index.html,54,html,08c21658,Kevin Souder,2025-01-15,12:51:11,-08:00,2025-01-15T12:51:11-08:00,0,71
projects/index.html,55,html,08c21658,Kevin Souder,2025-01-15,12:51:11,-08:00,2025-01-15T12:51:11-08:00,0,224
projects/index.html,56,html,08c21658,Kevin Souder,2025-01-15,12:51:11,-08:00,2025-01-15T12:51:11-08:00,0,9
projects/index.html,57,html,08c21658,Kevin Souder,2025-01-15,12:51:11,-08:00,2025-01-15T12:51:11-08:00,0,8
projects/index.html,58,html,08c21658,Kevin Souder,2025-01-15,12:51:11,-08:00,2025-01-15T12:51:11-08:00,0,37
projects/index.html,59,html,08c21658,Kevin Souder,2025-01-15,12:51:11,-08:00,2025-01-15T12:51:11-08:00,0,71
projects/index.html,60,html,08c21658,Kevin Souder,2025-01-15,12:51:11,-08:00,2025-01-15T12:51:11-08:00,0,249
projects/index.html,61,html,08c21658,Kevin Souder,2025-01-15,12:51:11,-08:00,2025-01-15T12:51:11-08:00,0,9
projects/index.html,62,html,08c21658,Kevin Souder,2025-01-15,12:51:11,-08:00,2025-01-15T12:51:11-08:00,0,8
projects/index.html,63,html,08c21658,Kevin Souder,2025-01-15,12:51:11,-08:00,2025-01-15T12:51:11-08:00,0,36
projects/index.html,64,html,08c21658,Kevin Souder,2025-01-15,12:51:11,-08:00,2025-01-15T12:51:11-08:00,0,71
projects/index.html,65,html,08c21658,Kevin Souder,2025-01-15,12:51:11,-08:00,2025-01-15T12:51:11-08:00,0,227
projects/index.html,66,html,08c21658,Kevin Souder,2025-01-15,12:51:11,-08:00,2025-01-15T12:51:11-08:00,0,9
projects/index.html,67,html,08c21658,Kevin Souder,2025-01-15,12:51:11,-08:00,2025-01-15T12:51:11-08:00,0,8
projects/index.html,68,html,08c21658,Kevin Souder,2025-01-15,12:51:11,-08:00,2025-01-15T12:51:11-08:00,0,34
projects/index.html,69,html,08c21658,Kevin Souder,2025-01-15,12:51:11,-08:00,2025-01-15T12:51:11-08:00,0,71
projects/index.html,70,html,08c21658,Kevin Souder,2025-01-15,12:51:11,-08:00,2025-01-15T12:51:11-08:00,0,235
projects/index.html,71,html,08c21658,Kevin Souder,2025-01-15,12:51:11,-08:00,2025-01-15T12:51:11-08:00,0,9
projects/index.html,72,html,08c21658,Kevin Souder,2025-01-15,12:51:11,-08:00,2025-01-15T12:51:11-08:00,0,8
projects/index.html,73,html,08c21658,Kevin Souder,2025-01-15,12:51:11,-08:00,2025-01-15T12:51:11-08:00,0,43
projects/index.html,74,html,08c21658,Kevin Souder,2025-01-15,12:51:11,-08:00,2025-01-15T12:51:11-08:00,0,71
projects/index.html,75,html,08c21658,Kevin Souder,2025-01-15,12:51:11,-08:00,2025-01-15T12:51:11-08:00,0,224
projects/index.html,76,html,08c21658,Kevin Souder,2025-01-15,12:51:11,-08:00,2025-01-15T12:51:11-08:00,0,9
projects/index.html,77,html,08c21658,Kevin Souder,2025-01-15,12:51:11,-08:00,2025-01-15T12:51:11-08:00,0,8
projects/index.html,78,html,08c21658,Kevin Souder,2025-01-15,12:51:11,-08:00,2025-01-15T12:51:11-08:00,0,40
projects/index.html,79,html,08c21658,Kevin Souder,2025-01-15,12:51:11,-08:00,2025-01-15T12:51:11-08:00,0,71
projects/index.html,80,html,08c21658,Kevin Souder,2025-01-15,12:51:11,-08:00,2025-01-15T12:51:11-08:00,0,242
projects/index.html,81,html,08c21658,Kevin Souder,2025-01-15,12:51:11,-08:00,2025-01-15T12:51:11-08:00,0,9
projects/index.html,82,html,08c21658,Kevin Souder,2025-01-15,12:51:11,-08:00,2025-01-15T12:51:11-08:00,0,8
projects/index.html,83,html,08c21658,Kevin Souder,2025-01-15,12:51:11,-08:00,2025-01-15T12:51:11-08:00,0,41
projects/index.html,84,html,08c21658,Kevin Souder,2025-01-15,12:51:11,-08:00,2025-01-15T12:51:11-08:00,0,71
projects/index.html,85,html,08c21658,Kevin Souder,2025-01-15,12:51:11,-08:00,2025-01-15T12:51:11-08:00,0,216
projects/index.html,86,html,08c21658,Kevin Souder,2025-01-15,12:51:11,-08:00,2025-01-15T12:51:11-08:00,0,9
projects/index.html,87,html,08c21658,Kevin Souder,2025-01-15,12:51:11,-08:00,2025-01-15T12:51:11-08:00,0,8
projects/index.html,88,html,08c21658,Kevin Souder,2025-01-15,12:51:11,-08:00,2025-01-15T12:51:11-08:00,0,35
projects/index.html,89,html,08c21658,Kevin Souder,2025-01-15,12:51:11,-08:00,2025-01-15T12:51:11-08:00,0,71
projects/index.html,90,html,08c21658,Kevin Souder,2025-01-15,12:51:11,-08:00,2025-01-15T12:51:11-08:00,0,226
projects/index.html,91,html,08c21658,Kevin Souder,2025-01-15,12:51:11,-08:00,2025-01-15T12:51:11-08:00,0,9
projects/index.html,92,html,08c21658,Kevin Souder,2025-01-15,12:51:11,-08:00,2025-01-15T12:51:11-08:00,0,8
projects/index.html,93,html,08c21658,Kevin Souder,2025-01-15,12:51:11,-08:00,2025-01-15T12:51:11-08:00,0,34
projects/index.html,94,html,08c21658,Kevin Souder,2025-01-15,12:51:11,-08:00,2025-01-15T12:51:11-08:00,0,71
projects/index.html,95,html,08c21658,Kevin Souder,2025-01-15,12:51:11,-08:00,2025-01-15T12:51:11-08:00,0,243
projects/index.html,96,html,08c21658,Kevin Souder,2025-01-15,12:51:11,-08:00,2025-01-15T12:51:11-08:00,0,9
projects/index.html,97,html,aa4fc00a,Kevin Souder,2025-01-15,13:02:31,-08:00,2025-01-15T13:02:31-08:00,0,8
projects/index.html,98,html,aa4fc00a,Kevin Souder,2025-01-15,13:02:31,-08:00,2025-01-15T13:02:31-08:00,0,33
projects/index.html,99,html,22d5afa4,Kevin Souder,2025-01-15,13:35:05,-08:00,2025-01-15T13:35:05-08:00,0,71
projects/index.html,100,html,aa4fc00a,Kevin Souder,2025-01-15,13:02:31,-08:00,2025-01-15T13:02:31-08:00,0,134
projects/index.html,101,html,c270cca9,Kevin Souder,2025-01-29,15:44:17,-08:00,2025-01-29T15:44:17-08:00,0,13
projects/index.html,102,html,08c21658,Kevin Souder,2025-01-15,12:51:11,-08:00,2025-01-15T12:51:11-08:00,0,5
projects/index.html,103,html,1a2a9de5,Kevin Souder,2025-01-08,19:27:33,-08:00,2025-01-08T19:27:33-08:00,0,0
projects/index.html,104,html,1a2a9de5,Kevin Souder,2025-01-08,19:27:33,-08:00,2025-01-08T19:27:33-08:00,0,6
projects/index.html,105,html,1a2a9de5,Kevin Souder,2025-01-08,19:27:33,-08:00,2025-01-08T19:27:33-08:00,0,6
meta/index.html,1,html,dbd4658a,Kevin Souder,2025-02-10,21:40:49,-08:00,2025-02-10T21:40:49-08:00,0,14
meta/index.html,2,html,dbd4658a,Kevin Souder,2025-02-10,21:40:49,-08:00,2025-02-10T21:40:49-08:00,0,15
meta/index.html,3,html,dbd4658a,Kevin Souder,2025-02-10,21:40:49,-08:00,2025-02-10T21:40:49-08:00,0,5
meta/index.html,4,html,dbd4658a,Kevin Souder,2025-02-10,21:40:49,-08:00,2025-02-10T21:40:49-08:00,0,21
meta/index.html,5,html,dbd4658a,Kevin Souder,2025-02-10,21:40:49,-08:00,2025-02-10T21:40:49-08:00,0,69
meta/index.html,6,html,dbd4658a,Kevin Souder,2025-02-10,21:40:49,-08:00,2025-02-10T21:40:49-08:00,0,18
meta/index.html,7,html,dbd4658a,Kevin Souder,2025-02-10,21:40:49,-08:00,2025-02-10T21:40:49-08:00,0,6
meta/index.html,8,html,dbd4658a,Kevin Souder,2025-02-10,21:40:49,-08:00,2025-02-10T21:40:49-08:00,0,5
meta/index.html,9,html,dbd4658a,Kevin Souder,2025-02-10,21:40:49,-08:00,2025-02-10T21:40:49-08:00,0,12
meta/index.html,10,html,dbd4658a,Kevin Souder,2025-02-10,21:40:49,-08:00,2025-02-10T21:40:49-08:00,0,64
meta/index.html,11,html,dbd4658a,Kevin Souder,2025-02-10,21:40:49,-08:00,2025-02-10T21:40:49-08:00,0,0
meta/index.html,12,html,dbd4658a,Kevin Souder,2025-02-10,21:40:49,-08:00,2025-02-10T21:40:49-08:00,0,6
meta/index.html,13,html,dbd4658a,Kevin Souder,2025-02-10,21:40:49,-08:00,2025-02-10T21:40:49-08:00,0,6
contact/index.html,1,html,1a2a9de5,Kevin Souder,2025-01-08,19:27:33,-08:00,2025-01-08T19:27:33-08:00,0,14
contact/index.html,2,html,1a2a9de5,Kevin Souder,2025-01-08,19:27:33,-08:00,2025-01-08T19:27:33-08:00,0,15
contact/index.html,3,html,1a2a9de5,Kevin Souder,2025-01-08,19:27:33,-08:00,2025-01-08T19:27:33-08:00,0,5
contact/index.html,4,html,1a2a9de5,Kevin Souder,2025-01-08,19:27:33,-08:00,2025-01-08T19:27:33-08:00,0,21
contact/index.html,5,html,1a2a9de5,Kevin Souder,2025-01-08,19:27:33,-08:00,2025-01-08T19:27:33-08:00,0,69
contact/index.html,6,html,1a2a9de5,Kevin Souder,2025-01-08,19:27:33,-08:00,2025-01-08T19:27:33-08:00,0,23
contact/index.html,7,html,382fb21c,Kevin Souder,2025-01-14,19:57:34,-08:00,2025-01-14T19:57:34-08:00,0,42
contact/index.html,8,html,cbed79be,Kevin Souder,2025-01-22,13:12:26,-08:00,2025-01-22T13:12:26-08:00,0,49
contact/index.html,9,html,1a2a9de5,Kevin Souder,2025-01-08,19:27:33,-08:00,2025-01-08T19:27:33-08:00,0,6
contact/index.html,10,html,1a2a9de5,Kevin Souder,2025-01-08,19:27:33,-08:00,2025-01-08T19:27:33-08:00,0,5
contact/index.html,11,html,0debb637,Kevin Souder,2025-01-08,20:07:52,-08:00,2025-01-08T20:07:52-08:00,0,0
contact/index.html,12,html,3a1a4a66,Kevin Souder,2025-01-22,15:49:07,-08:00,2025-01-22T15:49:07-08:00,0,9
contact/index.html,13,html,382fb21c,Kevin Souder,2025-01-14,19:57:34,-08:00,2025-01-14T19:57:34-08:00,0,39
contact/index.html,14,html,091a3798,Kevin Souder,2025-01-22,13:34:10,-08:00,2025-01-22T13:34:10-08:00,0,45
contact/index.html,15,html,382fb21c,Kevin Souder,2025-01-14,19:57:34,-08:00,2025-01-14T19:57:34-08:00,0,47
contact/index.html,16,html,3a1a4a66,Kevin Souder,2025-01-22,15:49:07,-08:00,2025-01-22T15:49:07-08:00,0,48
contact/index.html,17,html,5ed9677a,Kevin Souder,2025-01-08,20:14:16,-08:00,2025-01-08T20:14:16-08:00,0,75
contact/index.html,18,html,3a1a4a66,Kevin Souder,2025-01-22,15:49:07,-08:00,2025-01-22T15:49:07-08:00,0,9
contact/index.html,19,html,d28b88d9,Kevin Souder,2025-01-08,19:41:40,-08:00,2025-01-08T19:41:40-08:00,0,0
contact/index.html,20,html,5b011a93,Kevin Souder,2025-01-14,21:24:32,-08:00,2025-01-14T21:24:32-08:00,0,21
contact/index.html,21,html,5b011a93,Kevin Souder,2025-01-14,21:24:32,-08:00,2025-01-14T21:24:32-08:00,0,0
contact/index.html,22,html,5b011a93,Kevin Souder,2025-01-14,21:24:32,-08:00,2025-01-14T21:24:32-08:00,0,25
contact/index.html,23,html,f6891b5d,Kevin Souder,2025-01-23,22:17:13,-08:00,2025-01-23T22:17:13-08:00,0,59
contact/index.html,24,html,f6891b5d,Kevin Souder,2025-01-23,22:17:13,-08:00,2025-01-23T22:17:13-08:00,0,38
contact/index.html,25,html,f6891b5d,Kevin Souder,2025-01-23,22:17:13,-08:00,2025-01-23T22:17:13-08:00,0,48
contact/index.html,26,html,0083fb6b,Kevin Souder,2025-01-14,23:19:57,-08:00,2025-01-14T23:19:57-08:00,0,0
contact/index.html,27,html,0083fb6b,Kevin Souder,2025-01-14,23:19:57,-08:00,2025-01-14T23:19:57-08:00,0,37
contact/index.html,28,html,0083fb6b,Kevin Souder,2025-01-14,23:19:57,-08:00,2025-01-14T23:19:57-08:00,0,35
contact/index.html,29,html,0083fb6b,Kevin Souder,2025-01-14,23:19:57,-08:00,2025-01-14T23:19:57-08:00,0,0
contact/index.html,30,html,0083fb6b,Kevin Souder,2025-01-14,23:19:57,-08:00,2025-01-14T23:19:57-08:00,0,31
contact/index.html,31,html,0083fb6b,Kevin Souder,2025-01-14,23:19:57,-08:00,2025-01-14T23:19:57-08:00,0,43
contact/index.html,32,html,649c4e1c,Kevin Souder,2025-01-09,01:12:11,-08:00,2025-01-09T01:12:11-08:00,0,0
contact/index.html,33,html,0083fb6b,Kevin Souder,2025-01-14,23:19:57,-08:00,2025-01-14T23:19:57-08:00,0,24
contact/index.html,34,html,649c4e1c,Kevin Souder,2025-01-09,01:12:11,-08:00,2025-01-09T01:12:11-08:00,0,6
contact/index.html,35,html,649c4e1c,Kevin Souder,2025-01-09,01:12:11,-08:00,2025-01-09T01:12:11-08:00,0,0
contact/index.html,36,html,1a2a9de5,Kevin Souder,2025-01-08,19:27:33,-08:00,2025-01-08T19:27:33-08:00,0,6
contact/index.html,37,html,1a2a9de5,Kevin Souder,2025-01-08,19:27:33,-08:00,2025-01-08T19:27:33-08:00,0,6
